empty;Country_Name;Rating_Moodys;Rating_Mimosa;GDP;GDP_per_capita;Population;IDA Country?
;Afghanistan;No Rating;2;20116140000;528.7910752;38041754;Yes
;Albania;B1;2;14887630000;5216.059472;2854191;No
;Algeria;No Rating;1;145009180000;3368.15084;43053054;No
;American Samoa;No Rating;0;709000000;12818.19497;55312;No
;Angola;Caa1;2;58375980000;1834.263594;31825295;No
;Antigua and Barbuda;No Rating;0;1370280000;14109.43388;97118;No
;Argentina;Ca;0;389288060000;8662.643914;44938712;No
;Armenia;Ba3;4;12641210000;4273.955272;2957731;No
;Aruba;No Rating;0;3202190000;30120.11588;106314;No
;Australia;Aaa;0;1327836170000;52350.5795;25364307;No
;Austria;Aa1;0;433258470000;48806.48867;8877067;No
;Azerbaijan;Ba2;4;42607180000;4250.805971;10023318;No
;Bahamas The;No Rating;0;9907500000;25437.63255;389482;No
;Bahrain;B2;0;34729230000;21161.23721;1641172;No
;Bangladesh;Ba3;0;323056960000;1981.383419;163046161;Yes
;Barbados;Caa1;0;4418000000;15392.38742;287025;No
;Belarus;B3;3;60258240000;6365.179739;9466856;No
;Belgium;Aa3;0;521861290000;45442.24928;11484055;No
;Belize;Caa1;4;1636280000;4191.795631;390353;No
;Benin;B2;3;15651550000;1326.273175;11801151;Yes
;Bermuda;A2;0;6842700000;107054.3509;63918;No
;Bhutan;No Rating;1;2315440000;3034.286823;763092;Yes
;Bolivia;B2;5;36572760000;3176.621414;11513100;No
;Bosnia and Herzegovina;B3;3;19946500000;6042.56286;3301000;No
;Botswana;A2;3;15061920000;6538.151502;2303697;No
;Brazil;Ba2;2;1444733260000;6845.470258;211049527;No
;Brunei Darussalam;No Rating;0;12005830000;27708.85214;433285;No
;Bulgaria;Baa2;3;69889350000;10018.88539;6975761;No
;Burkina Faso;No Rating;3;17933610000;882.4997006;20321378;Yes
;Burundi;No Rating;1;2841790000;246.4568131;11530580;Yes
;Cabo Verde;No Rating;0;1703700000;3098.002491;549935;Yes
;Cambodia;B2;6;25808560000;1565.431975;16486542;Yes
;Cameroon;B2;1;40804450000;1576.899474;25876380;Yes
;Canada;Aaa;0;1644037290000;43736.88661;37589262;No
;Cayman Islands;Aa3;0;5591620000;86093.79812;64948;No
;Central African Republic;No Rating;0;2380090000;501.5800227;4745185;Yes
;Chad;No Rating;2;10829080000;679.0721894;15946876;Yes
;Channel Islands;No Rating;0;11514610000;66844.75122;172259;No
;Chile;A1;0;252940020000;13346.32297;18952038;No
;China;A1;2;14722730700000;10533.42827;1397715000;No
;Colombia;Baa2;3;271437600000;5392.145479;50339443;No
;Comoros;No Rating;0;1235400000;1451.898374;850886;Yes
;Congo Republic;Caa2;2;10187120000;117.3758895;86790567;Yes
;Costa Rica;B2;2;61846900000;12252.82864;5047561;No
;Croatia;Ba2;0;57203780000;14063.62139;4067500;No
;Cuba;Caa2;0;107352000000;9472.110207;11333483;No
;Curacao;No Rating;0;2595820000;16477.42132;157538;No
;Cyprus;Ba2;0;24612650000;20534.92689;1198575;No
;Czech Republic;Aa3;0;245349490000;22994.95609;10669709;No
;Denmark;Aaa;0;356084870000;61198.18278;5818553;No
;Djibouti;No Rating;0;3384390000;3476.303464;973560;Yes
;Dominica;No Rating;3;504210000;7021.641043;71808;Yes
;Dominican Republic;Ba3;3;78844700000;7341.932057;10738958;No
;DRC;Caa1;2;48716960000;9054.342081;5380508;Yes
;Ecuador;Caa3;2;98808010000;5687.2299;17373662;No
;Egypt;B2;1;365252650000;3638.406825;100388073;No
;El Salvador;B3;4;24638720000;3817.853514;6453553;No
;Equatorial Guinea;No Rating;0;10021860000;7390.828519;1355986;No
;Eritrea;No Rating;0;2065000000;590.4863921;3497117;Yes
;Estonia;A1;0;30650290000;23104.56886;1326590;No
;Eswatini;B3;0;3972730000;3460.17437;1148130;No
;Ethiopia;B2;3;107645050000;960.441379;112078730;Yes
;Faroe Islands;No Rating;0;3126290000;64223.87937;48678;No
;Fiji;Ba3;0;4533880000;5094.516227;889953;Yes
;Finland;Aa1;0;269751310000;48865.21129;5520314;No
;France;Aa2;0;2630317730000;39223.41429;67059887;No
;French Polynesia;No Rating;0;3447540000;12344.07617;279287;No
;Gabon;Caa1;1;15316830000;7050.068145;2172579;No
;Gambia The;No Rating;0;1868090000;795.708662;2347706;Yes
;Georgia;Ba2;3;15846490000;4259.371753;3720382;No
;Germany;Aaa;0;3846413930000;46268.30777;83132799;No
;Ghana;B3;2;68532280000;2253.027958;30417856;Yes
;Greece;B1;0;188835200000;17621.26969;10716322;No
;Greenland;No Rating;0;2982250000;53041.35171;56225;No
;Grenada;No Rating;0;1042100000;9304.215066;112003;Yes
;Guatemala;Ba1;3;77604630000;4673.844163;16604026;No
;Guinea;No Rating;2;15681050000;1227.840259;12771246;Yes
;Guinea-Bissau;No Rating;0;1431760000;745.3504099;1920922;Yes
;Guyana;No Rating;0;5471260000;6989.649525;782766;Yes
;Haiti;No Rating;2;14508220000;1288.122242;11263077;Yes
;Honduras;B1;2;23662230000;2427.862296;9746117;Yes
;Hong Kong SAR China;Aa3;0;346585880000;46165.90031;7507400;No
;Hungary;Baa3;0;155808440000;15947.72296;9769949;No
;Iceland;A2;0;21718080000;60108.76996;361313;No
;India;Baa3;1;2660245250000;1946.875501;1366417754;No
;Indonesia;Baa2;3;1058423840000;3911.026766;270625568;No
;Iran Islamic Rep.;No Rating;0;203471300000;2454.006931;82913906;No
;Iraq;Caa1;1;166756980000;4242.124155;39309783;No
;Ireland;A2;0;425888950000;86187.14489;4941444;No
;Isle of Man;Aa2;0;7315390000;86486.68779;84584;No
;Israel;A1;0;407100740000;44967.11034;9053300;No
;Italy;Baa3;0;1888709440000;31323.23393;60297396;No
;Ivory Coast;No Rating;2;61348580000;2385.568605;25716544;Yes
;Jamaica;B2;2;13812430000;4684.912791;2948279;No
;Japan;A1;0;5057758960000;40056.71979;126264931;No
;Jordan;B1;3;43697660000;4325.775459;10101694;No
;Kazakhstan;Baa3;4;171082380000;9240.73819;18513930;No
;Kenya;B2;5;101013730000;1921.363828;52573973;Yes
;Kiribati;No Rating;0;197510000;1679.421118;117606;Yes
;Korea Rep.;Aa2;0;1637895800000;31675.19573;51709098;No
;Kosovo;No Rating;0;7716930000;4300.927185;1794248;Yes
;Kuwait;A1;0;105960230000;25186.15154;4207083;No
;Kyrgyz Republic;B2;4;7735980000;1198.095061;6456900;Yes
;Laos;Caa2;0;19132640000;2668.632413;7169455;Yes
;Latvia;A3;0;33707320000;17622.07959;1912789;No
;Lebanon;C;3;31735220000;4629.018163;6855713;No
;Lesotho;No Rating;0;1875230000;882.3498966;2125268;Yes
;Liberia;No Rating;0;3201190000;648.3588239;4937374;Yes
;Libya;No Rating;0;25418920000;3750.51273;6777452;No
;Liechtenstein;No Rating;0;6684440000;175818.4066;38019;No
;Lithuania;A3;0;56546960000;20290.68007;2786844;No
;Luxembourg;Aaa;0;73353130000;118331.3491;619896;No
;Macao SAR China;No Rating;0;25586110000;39950.51878;640445;No
;Madagascar;No Rating;2;13056080000;484.1088427;26969307;Yes
;Malawi;No Rating;3;12182350000;653.9543427;18628747;Yes
;Malaysia;A3;4;337006070000;10547.99444;31949777;No
;Maldives;B3;0;3742770000;7049.15501;530953;Yes
;Mali;Caa1;2;17465390000;888.4608026;19658031;Yes
;Malta;A2;0;14647380000;29140.1424;502653;No
;Marshall Islands;No Rating;0;244460000;4158.11944;58791;Yes
;Mauritania;No Rating;3;7913680000;1748.6106;4525696;Yes
;Mauritius;Baa1;2;10920610000;8628.043843;1265711;No
;Mexico;Baa1;0;1073915880000;8417.883025;127575529;No
;Micronesia Fed. Sts.;No Rating;0;410080000;3603.040021;113815;Yes
;Moldova;B3;2;11915550000;4483.512985;2657637;No
;Mongolia;B3;6;13312980000;4127.842062;3225167;No
;Montenegro;B1;6;4769860000;7666.89652;622137;No
;Morocco;Ba1;2;114725070000;3145.585562;36471769;No
;Mozambique;Caa2;0;14019450000;461.6819265;30366036;Yes
;Myanmar;No Rating;5;79852050000;1477.498926;54045420;Yes
;Namibia;Ba2;2;10619190000;4256.990295;2494530;No
;Nauru;No Rating;0;114630000;9111.358398;12581;No
;Nepal;No Rating;4;33657180000;1176.466188;28608710;Yes
;Netherlands;Aaa;0;913865400000;52724.47405;17332850;No
;New Caledonia;No Rating;0;9438130000;32794.05837;287800;No
;New Zealand;Aaa;0;210700850000;42851.50498;4917000;No
;Nicaragua;B3;6;12621510000;1928.27227;6545502;Yes
;Niger;B3;2;13741380000;589.4877098;23310715;Yes
;Nigeria;B2;2;432293780000;2151.104887;200963599;Yes
;North Macedonia;No Rating;0;12263710000;5886.225743;2083459;No
;Norway;Aaa;0;362522350000;67787.84591;5347896;No
;Oman;Ba3;0;64648390000;12994.68782;4974986;No
;Pakistan;B3;1;262610000000;1212.61337;216565318;Yes
;Palau;No Rating;0;257700000;14310.30653;18008;No
;Palestine;No rating;1;16280000000;3474.919957;4685000;Yes
;Panama;Baa1;2;53977040000;12711.13043;4246439;No
;Papua New Guinea;B2;0;24668900000;2810.915407;8776109;Yes
;Paraguay;Ba1;0;35670300000;5063.469567;7044636;No
;Peru;A3;6;202014360000;6213.827903;32510453;No
;Philippines;Baa2;3;361489330000;3343.513206;108116615;No
;Poland;A2;0;596624360000;15712.68441;37970874;No
;Portugal;Baa3;0;228539250000;22254.35485;10269417;No
;Puerto Rico;No Rating;0;103138300000;32294.35882;3193694;No
;Qatar;Aa3;0;144411360000;50991.5055;2832067;No
;Romania;Baa3;2;248715550000;12849.17132;19356544;No
;Russia;Baa3;2;1483497780000;10275.41357;144373535;No
;Rwanda;B2;2;10333990000;818.4074539;12626950;Yes
;Samoa;No Rating;0;807100000;4094.938025;197097;Yes
;Saudi Arabia;A1;0;700117870000;20430.34559;34268528;No
;Senegal;Ba3;3;24644230000;1512.253285;16296364;Yes
;Serbia;Ba3;1;53335020000;7679.656154;6944975;No
;Seychelles;No Rating;0;1059890000;10856.74776;97625;No
;Sierra Leone;No Rating;3;4063290000;520.0535247;7813215;Yes
;Singapore;Aaa;0;339998480000;59611.53096;5703569;No
;Sint Maarten (Dutch part);No Rating;0;1185470000;29103.42965;40733;No
;Slovak Republic;A2;0;105172560000;19283.30626;5454073;No
;Slovenia;A3;0;53589610000;25666.18581;2087946;No
;Solomon Islands;B3;0;1545890000;2307.908209;669823;Yes
;Somalia;No Rating;0;4988440000;323.0247159;15442905;Yes
;South Africa;Ba1;3;335442100000;5728.347166;58558270;No
;South Sudan;No Rating;0;11997800000;1084.584835;11062113;Yes
;Spain;Baa1;0;1281484640000;27221.16111;47076781;No
;Sri Lanka;Caa1;4;80676680000;3700.255928;21803000;No
;St. Kitts and Nevis;No Rating;0;980740000;18566.53352;52823;No
;St. Lucia;No Rating;0;1616770000;8844.958696;182790;Yes
;St. Vincent and the Grenadines;No Rating;0;807470000;7301.539936;110589;Yes
;Sudan;No Rating;2;21329110000;498.189602;42813238;Yes
;Suriname;Caa3;0;2884250000;4961.109238;581372;No
;Sweden;Aaa;0;541220060000;52619.95364;10285453;No
;Switzerland;Aaa;0;752248050000;87727.43886;8574832;No
;Syrian Arab Republic;No Rating;0;22777880000;1334.370232;17070135;Yes
;Tajikistan;B3;1;8194150000;879.1046214;9321018;Yes
;Tanzania;B2;3;62409710000;1075.928141;58005463;Yes
;Thailand;Baa1;3;501643650000;7204.875501;69625582;No
;Timor-Leste;No Rating;0;1902160000;1470.986042;1293119;Yes
;Togo;B3;2;7574640000;937.1810185;8082366;Yes
;Tonga;No Rating;0;488830000;4678.06764;104494;Yes
;Trinidad and Tobago;Ba1;0;21588040000;15475.59702;1394973;No
;Tunisia;B2;2;41620350000;3558.901244;11694719;No
;Turkey;B2;4;719954820000;8629.487503;83429615;No
;Turkmenistan;No Rating;0;45231430000;7612.041826;5942089;No
;Turks and Caicos Islands;No Rating;0;924580000;24209.3687;38191;No
;Tuvalu;No Rating;0;48860000;4195.431908;11646;Yes
;Uganda;B2;5;37600370000;849.3497817;44269594;Yes
;Ukraine;B3;1;155498990000;3503.400856;44385155;No
;United Arab Emirates;Aa2;0;358868770000;36729.7175;9770529;No
;United Kingdom;Aa2;0;2764197650000;41358.90265;66834405;No
;Uruguay;Baa2;3;53628830000;15491.89799;3461734;No
;USA;AAA;No rating;20940000000000;63550.8346;329500000;No
;Uzbekistan;B1;1;59929950000;1784.657236;33580650;Yes
;Vanuatu;No Rating;0;881550000;2939.656265;299882;Yes
;Venezuela RB;C;1;482359320000;16915.4935;28515829;No
;Vietnam;Ba3;4;271158440000;2811.035869;96462106;No
;West Bank and Gaza;No Rating;0;15561300000;3321.298545;4685306;No
;Yemen Rep.;No Rating;1;21606140000;740.9024686;29161922;Yes
;Zambia;Ca;2;18110630000;1013.974558;17861030;Yes
;Zimbabwe;No Rating;2;18051170000;1232.543064;14645468;Yes
