ID_INNPACT;ID_REPAYMENT;REPAYMENT_DATE;AMOUNT_VALUE_USD;AMOUNT_VALUE_LOCAL_CCY;LOCAL_CCY
42446;0;18-06-14;2000000,00;325500098;NGN
42453;0;31-10-12;15000000,00;15000000;USD
42452;0;13-11-16;15000000,00;15000000;USD
42463;0;27-05-14;1000000,00;2190000675;TZS
42464;0;30-09-13;1500000,00;3285001013;TZS
42462;0;17-11-14;1500000,00;1500000;USD
42465;0;23-01-15;1500000,00;1500000;USD
42467;0;30-08-13;7500000,00;7500000;USD
42466;0;18-10-14;7500000,00;7500000;USD
42468;0;30-08-16;7500000,00;7500000;USD
42469;0;07-12-15;10000000,00;10000000;USD
42472;0;20-05-15;1500000,00;1500000;USD
42475;0;18-06-15;1500000,00;1500000;USD
42479;0;07-11-16;3100000,00;1485006755;XAF
42488;0;19-12-14;1000000,00;1000000;USD
42492;0;02-12-13;1000000,00;505226669;XAF
42490;0;14-12-15;1550000,00;737649044;XAF
42501;0;07-04-14;649000,00;511406,17;EUR
42524;0;17-02-15;3000000,00;3000000;USD
42520;0;09-09-16;4000000,00;4000000;USD
42533;0;31-03-16;1000000,00;3984763287;KHR
42538;0;02-04-15;2000000,00;8196682558;KHR
42539;0;25-11-16;2500000,00;157806185;INR
42574;0;01-04-16;1000000,00;1000000;USD
42576;0;01-04-16;1500000,00;1500000;USD
42578;0;16-03-15;1500000,00;1500000;USD
42579;0;22-10-11;8000000,00;8000000;USD
42587;0;29-08-11;10000000,00;10000000;USD
42625;0;20-05-11;9000000,00;9000000;USD
42639;0;24-06-16;3500000,00;3500000;USD
42642;0;22-07-16;3500000,00;3500000;USD
42641;0;27-05-13;5000000,00;5000000;USD
42640;0;27-05-16;5000000,00;5000000;USD
42655;0;14-11-14;2000000,00;2000000;USD
42651;0;07-07-14;3000000,00;3000000;USD
42675;0;30-09-14;2500000,00;2500000;USD
42688;0;28-06-16;5000000,00;12762440;PEN
42701;0;25-02-13;1000000,00;1000000;USD
42702;0;25-08-16;1000000,00;1000000;USD
42761;0;07-12-15;3000000,00;3000000;USD
42772;0;31-07-14;2500000,00;6874762,5;PEN
42789;0;13-06-14;1000000,00;1000000;USD
42793;0;30-05-16;3000000,00;3000000;USD
42796;0;02-02-15;8000000,00;8000000;USD
42806;0;13-04-15;1000000,00;2782013;PEN
42809;0;13-05-11;2507679,00;2507679;USD
42808;0;13-05-14;3000000,00;3000000;USD
42810;0;02-11-09;4000000,00;4000000;USD
42811;0;05-10-11;2539739,00;2539739;USD
42812;0;17-11-14;1000000,00;2696483;PEN
42823;0;09-01-15;5000000,00;271749865;INR
42827;0;01-09-14;15000000,00;15000000;USD
42839;0;13-05-10;1000000,00;1000000;USD
42841;0;13-05-11;2000000,00;2000000;USD
42837;0;28-01-16;4000000,00;4000000;USD
42843;0;13-05-13;2000000,00;2000000;USD
42840;0;21-05-15;2000000,00;2000000;USD
42842;0;16-05-14;3000000,00;3000000;USD
43036;0;25-06-15;5000000,00;5000000;USD
43054;0;03-10-14;1500000,00;1500000;USD
43065;0;04-10-12;500000,00;500000;USD
43078;0;08-08-14;1000000,00;30780263;THB
43067;0;06-08-12;2000000,00;2000000;USD
43077;0;05-04-13;2000000,00;2000000;USD
43075;0;22-04-15;2000000,00;2000000;USD
43074;0;20-07-15;3000000,00;12158664273;KHR
42883;0;27-01-14;2500000,00;6741207,5;PEN
42884;0;02-12-15;6000000,00;15579132;PEN
42892;0;27-08-13;5000000,00;13867480;PEN
42894;0;05-10-15;3000000,00;3000000;USD
42897;0;08-03-12;750000,00;750000;USD
42896;0;08-03-13;750000,00;750000;USD
42901;0;20-04-15;3000000,00;39077547;MXN
42903;0;18-04-13;4000000,00;46907584;MXN
42918;0;26-10-16;2500000,00;6955032,5;PEN
42916;0;26-02-17;2500000,00;2500000;USD
42927;0;31-10-14;2000000,00;2000000;USD
42924;0;19-03-13;3000000,00;1250849061;AMD
42928;0;19-03-14;3000000,00;3000000;USD
42934;0;15-05-11;5000000,00;5000000;USD
42936;0;08-10-12;5000000,00;5000000;USD
42929;0;22-10-15;5000000,00;6377400;AZN
42932;0;07-05-15;7500000,00;7500000;USD
42937;0;17-10-14;2000000,00;2000000;USD
42944;0;18-03-13;750000,00;528503,9814;EUR
42940;0;18-03-14;750000,00;528503,9814;EUR
42958;0;18-02-16;1000000,00;1000000;USD
42951;0;23-05-13;2000000,00;2000000;USD
42962;0;14-05-15;2500000,00;2500000;USD
42955;0;20-05-15;2500000,00;2500000;USD
42956;0;17-06-15;2500000,00;2500000;USD
42957;0;24-06-15;2500000,00;2500000;USD
42961;0;22-09-16;3000000,00;3000000;USD
42953;0;15-05-13;3000000,00;3000000;USD
42963;0;18-03-16;4000000,00;4000000;USD
42967;0;14-04-16;5000000,00;5000000;USD
42977;0;06-05-16;1500000,00;1500000;USD
42981;0;16-06-16;2000000,00;2000000;USD
42979;0;30-08-16;2000000,00;2000000;USD
42983;0;01-07-14;3000000,00;3000000;USD
42992;0;09-11-15;1000000,00;5539388;ZMW
42994;0;20-04-15;1000000,00;5474401;ZMW
42993;0;11-03-13;1500000,00;8091192;ZMW
42995;0;29-02-16;2000000,00;12278614;ZMW
43006;0;20-11-15;10000000,00;10000000;USD
43013;0;21-07-14;500000,00;500000;USD
43014;0;30-06-14;750000,00;750000;USD
43015;0;17-07-11;1000000,00;1000000;USD
43010;0;14-01-13;1000000,00;1000000;USD
43016;0;13-05-10;1500000,00;1500000;USD
43017;0;13-05-11;1500000,00;1500000;USD
43018;0;17-12-12;1500000,00;1500000;USD
43009;0;03-11-14;1500000,00;1500000;USD
43085;0;17-12-12;500000,00;500000;USD
43091;0;17-06-13;500000,00;500000;USD
43090;0;13-06-16;1750000,00;1750000;USD
43093;0;18-06-15;1500000,00;1500000;USD
43099;0;04-09-14;1677000,00;1677000;USD
43097;0;13-05-12;2323000,00;2323000;USD
43100;0;12-10-15;2500000,00;2500000;USD
43112;0;17-02-14;2000000,00;2000000;USD
43111;0;23-12-16;2000000,00;2000000;USD
43109;0;11-02-15;3000000,00;3000000;USD
43108;0;19-05-16;5000000,00;5000000;USD
43123;0;25-03-16;2000000,00;2000000;USD
43124;0;29-09-12;4000000,00;4000000;USD
43125;0;27-09-15;5000000,00;5000000;USD
43131;0;28-11-16;1200000,00;4262392,8;PLN
43132;0;28-11-14;1270000,00;3832165,31;PLN
43155;0;12-12-14;5000000,00;273950055;INR
43158;0;22-07-16;2000000,00;2000000;USD
43159;0;28-04-14;2000000,00;2000000;USD
43160;0;21-12-15;3000000,00;3000000;USD
43161;0;01-07-16;3000000,00;3000000;USD
43174;0;13-06-16;5000000,00;5000000;USD
43175;0;15-09-14;5000000,00;5000000;USD
43397;0;31-07-11;1000000,00;1000000;USD
43190;0;07-01-16;2000000,00;2000000;USD
43207;0;14-08-15;700000,00;700000;USD
43206;0;08-10-15;700000,00;700000;USD
43210;0;08-04-16;700000,00;700000;USD
43200;0;24-02-16;2000000,00;2000000;USD
43197;0;07-04-14;2000000,00;2000000;USD
43235;0;17-09-15;1000000,00;149896191;KZT
43234;0;18-04-16;2000000,00;303590030;KZT
43242;0;16-03-15;2000000,00;2000000;USD
43250;0;22-04-16;3000000,00;3000000;USD
43241;0;06-05-16;3000000,00;3000000;USD
43267;0;17-02-15;1000000,00;1000000;USD
43268;0;20-02-18;1000000,00;1000000;USD
43263;0;25-09-16;1500000,00;1500000;USD
43274;0;17-12-15;2500000,00;2500000;USD
43276;0;28-02-14;1500000,00;1500000;USD
43279;0;11-12-14;10000000,00;10000000;USD
43295;0;27-03-15;2000000,00;2000000;USD
43294;0;22-12-14;4000000,00;4000000;USD
43307;0;01-04-16;2000000,00;2000000;USD
43310;0;01-04-16;4000000,00;4000000;USD
43303;0;17-02-15;6000000,00;6000000;USD
43302;0;07-10-15;6000000,00;6000000;USD
43315;0;17-10-16;2000000,00;2000000;USD
43314;0;17-10-14;2000000,00;2000000;USD
43313;0;10-08-15;3000000,00;3000000;USD
43320;0;08-03-16;7000000,00;7000000;USD
43322;0;17-02-15;8000000,00;8000000;USD
43331;0;30-04-14;1000000,00;1000000;USD
43332;0;06-05-15;1000000,00;1000000;USD
43327;0;11-01-16;1000000,00;1000000;USD
43334;0;20-06-16;3100000,00;1485203738;XOF
43340;0;26-05-15;2000000,00;1033776526;XOF
43343;0;05-10-12;4908200,00;4908200;USD
43349;0;03-10-16;1000000,00;1000000;USD
43347;0;11-07-13;750000,00;750000;USD
43350;0;17-12-15;1273400,00;965867,7184;EUR
43359;0;01-03-12;300000,00;300000;USD
43355;0;01-03-13;1000000,00;1000000;USD
43358;0;11-07-13;2175000,00;1621077,737;EUR
43357;0;24-12-13;2175000,00;1621077,737;EUR
43356;0;05-10-11;3681150,00;3681150;USD
43361;0;31-01-14;618142,00;618142;USD
43360;0;31-01-14;2235043,00;2235043;USD
43392;0;15-02-15;1400000,00;1090257,768;EUR
43390;0;29-02-16;1400000,00;1015780,882;EUR
43394;0;24-11-14;1283600,00;973604,3689;EUR
43622;0;28-09-18;1500000,00;1500000;USD
43126;0;15-07-17;5000000,00;5000000;USD
42851;0;10-10-17;1000000,00;1000000;USD
43196;0;26-10-17;1700000,00;1700000;USD
43203;0;02-11-17;700000,00;700000;USD
43562;0;26-11-18;1000000,00;1000000;USD
43561;0;10-12-18;1500000,00;1500000;USD
42536;0;10-11-17;1000000,00;1000000;USD
42535;0;16-11-18;500000,00;17992497,5;THB
42821;0;20-11-18;500000,00;500000;USD
43487;0;27-11-17;1104838,00;1017065,267;EUR
43066;0;10-12-18;2300000,00;2300000;USD
42677;0;15-12-18;3000000,00;3000000;USD
43478;0;06-07-18;1000000,00;17271150;MXN
43353;0;17-12-18;3300000,00;3037834,852;EUR
42759;0;18-12-18;10000000,00;5373004690;CRC
43271;0;17-12-18;2500000,00;2500000;USD
43129;0;15-07-17;1000000,00;1000000;USD
43393;0;16-11-18;1104000,00;1016293,841;EUR
43448;0;04-01-19;2000000,00;71969990;THB
43549;0;04-01-19;4000000,00;264624872;INR
43128;0;15-07-17;4000000,00;4000000;USD
43447;0;27-01-19;5000000,00;5000000;USD
42594;0;09-03-19;15000000,00;15000000;USD
43127;0;15-07-17;3000000,00;3000000;USD
42569;0;28-03-19;10570425,44;699999998,7;INR
42534;0;29-03-19;1000000,00;1000000;USD
43144;0;29-03-18;1000000,00;1000000;USD
43629;0;29-03-19;1750000,00;1750000;USD
43247;0;19-04-18;5000000,00;5000000;USD
42644;0;28-05-19;5000000,00;5000000;USD
42854;0;23-04-18;1500000,00;1500000;USD
43012;0;23-04-19;1500000,00;1500000;USD
4183618;0;31-12-20;91502,00;91502;USD
43425;0;24-08-15;2490000,00;1935498,916;EUR
43446;0;19-11-12;1000000,00;30244979;THB
43441;0;08-11-12;2000000,00;2000000;USD
43431;0;02-12-13;2000000,00;2000000;USD
43433;0;16-08-13;2500000,00;77712510;THB
43434;0;17-08-15;2500000,00;78199960;THB
43435;0;10-11-14;3000000,00;3000000;USD
43436;0;16-11-16;3000000,00;3000000;USD
43437;0;19-11-14;3500000,00;3500000;USD
43438;0;27-01-16;5000000,00;5000000;USD
43439;0;25-11-16;5000000,00;5000000;USD
43452;0;08-09-14;1000000,00;1000000;USD
43458;0;26-05-15;5300000,00;5300000;USD
43462;0;22-12-14;10000000,00;10000000;USD
43463;0;16-01-13;15000000,00;15000000;USD
43495;0;06-05-13;1000000,00;1000000;USD
43501;0;28-05-13;1000000,00;1000000;USD
43512;0;17-06-13;1000000,00;1000000;USD
43511;0;17-06-16;1000000,00;1000000;USD
43499;0;17-06-16;1000000,00;1000000;USD
43497;0;17-06-16;2000000,00;2000000;USD
43510;0;15-12-14;3000000,00;3000000;USD
43509;0;27-03-15;3000000,00;3000000;USD
43514;0;18-12-14;4750000,00;260252552,3;INR
43523;0;13-07-15;1000000,00;405215528;AMD
43522;0;31-03-14;465449,34;194193975,4;AMD
43521;0;28-03-13;500000,00;208474843,5;AMD
43520;0;31-07-13;500000,00;203017513;AMD
43519;0;31-07-14;500000,00;202607764;AMD
43518;0;31-03-16;500000,00;206428442;AMD
43517;0;29-07-16;500000,00;203194142;AMD
43541;0;06-06-14;2000000,00;3031486;GHS
43545;0;22-07-16;4000000,00;247039936;INR
43548;0;24-12-15;3300000,00;198478556,1;INR
43553;0;19-09-16;1000000,00;1000000;USD
43556;0;29-08-14;1000000,00;1000000;USD
43563;0;05-04-16;1000000,00;1000000;USD
43564;0;18-04-16;1000000,00;1000000;USD
43569;0;25-05-16;3000000,00;3000000;USD
43579;0;16-05-16;2000000,00;2000000;USD
43580;0;25-05-16;3000000,00;3000000;USD
43589;0;27-02-15;2470000,00;154634335,2;INR
43591;0;30-08-16;2600000,00;162711218,8;INR
43598;0;11-04-17;5000000,00;5000000;USD
43600;0;11-04-17;5000000,00;5000000;USD
43605;0;22-06-15;10000000,00;10000000;USD
43625;0;18-03-15;1000000,00;4052888091;KHR
43626;0;01-09-15;1000000,00;3977104587;KHR
43621;0;18-03-16;2000000,00;2000000;USD
43624;0;22-07-16;2000000,00;2000000;USD
43623;0;17-03-13;2000000,00;2000000;USD
43620;0;22-07-13;2000000,00;2000000;USD
43648;0;22-12-14;5000000,00;9692501250;COP
43656;0;20-04-14;10000000,00;10000000;USD
43657;0;30-10-15;10000000,00;10000000;USD
42522;0;05-04-17;2000000,00;2000000;USD
42521;0;05-04-17;3000000,00;3000000;USD
42622;0;17-07-17;10000000,00;10000000;USD
42869;0;23-07-18;10000000,00;10000000;USD
42700;0;17-04-17;2000000,00;2000000;USD
42698;0;09-06-17;2000000,00;2000000;USD
42760;0;12-12-16;2000000,00;1002811422;CRC
42868;0;23-07-18;5000400,00;5000400;USD
43073;0;17-03-17;5000000,00;5000000;USD
43619;0;28-04-17;1500000,00;1500000;USD
42844;0;12-05-17;4000000,00;4000000;USD
42528;0;07-04-17;3000000,00;3000000;USD
43273;0;27-06-17;2000000,00;2000000;USD
43119;0;18-04-17;3000000,00;3000000;USD
43236;0;19-06-17;4000000,00;734080124;KZT
43237;0;26-06-17;3000000,00;550560093;KZT
42787;0;03-07-17;1000000,00;1000000;USD
43317;0;07-07-17;3000000,00;3000000;USD
43219;0;16-02-18;4000000,00;795600036;NGN
42914;0;14-08-17;2500000,00;7232515;PEN
43627;0;14-02-17;1000000,00;1000000;USD
43052;0;31-10-17;2000000,00;397800018;NGN
43050;0;31-10-17;2000000,00;397800018;NGN
43191;0;02-02-17;2000000,00;2000000;USD
43098;0;03-11-17;2524000,00;2085864,22;EUR
43318;0;01-12-16;922000,00;761951,9855;EUR
42907;0;27-11-17;1600000,00;1600000;USD
43130;0;12-12-16;1200000,00;4262392,8;PLN
43079;0;06-12-16;1000000,00;32900004;THB
43316;0;11-12-17;2000000,00;2000000;USD
42922;0;12-12-17;2000000,00;2000000;USD
43444;0;19-12-16;4000000,00;4000000;USD
43483;0;19-01-17;2000000,00;2000000;USD
42887;0;15-12-17;5000000,00;5000000;USD
42777;0;18-12-17;1000000,00;1000000;USD
43194;0;02-02-17;1000000,00;1000000;USD
43179;0;23-12-16;10000000,00;10000000;USD
43498;0;15-12-17;3000000,00;3000000;USD
43513;0;16-12-16;4100000,00;258802143,4;INR
43156;0;12-12-16;5000000,00;315612370;INR
43117;0;17-02-17;3000000,00;3000000;USD
42657;0;19-12-16;1000000,00;1000000;USD
42517;0;16-02-18;3000000,00;3000000;USD
43062;0;20-01-17;4000000,00;4000000;USD
42908;0;22-01-18;1000000,00;1000000;USD
43173;0;24-02-17;10000000,00;10000000;USD
42817;0;27-02-18;5000000,00;9806795;TND
43348;0;11-03-18;1500000,00;1500000;USD
43609;0;22-06-18;2500000,00;2500000;USD
43628;0;19-03-18;1500000,00;1500000;USD
43507;0;27-03-18;3000000,00;3000000;USD
43617;0;13-07-18;2500000,00;2500000;USD
43249;0;20-04-18;4000000,00;4000000;USD
43061;0;24-04-18;10000000,00;10000000;USD
43248;0;11-05-18;4000000,00;4000000;USD
42568;0;07-04-17;1000000,00;1000000;USD
43440;0;09-04-18;2000000,00;67550978;THB
43069;0;09-04-18;2000000,00;2000000;USD
43385;0;10-04-17;2000000,00;2000000;USD
42443;0;17-04-19;2000000,00;397800018;NGN
43143;0;24-04-17;1000000,00;1000000;USD
43045;0;27-04-18;4000000,00;254719980;INR
43319;0;01-12-16;932000,00;836474,6006;EUR
43116;0;18-05-17;3000000,00;3000000;USD
42676;0;29-05-18;2000000,00;2000000;USD
43496;0;01-06-18;5000000,00;5000000;USD
42952;0;02-02-17;2500000,00;2500000;USD
42950;0;30-05-17;2500000,00;2500000;USD
43491;0;15-06-17;750000,00;750000;USD
42941;0;16-06-17;1118000,00;1003410,519;EUR
43272;0;22-06-18;5000000,00;5000000;USD
43604;0;22-06-18;2500000,00;2500000;USD
43218;0;18-06-18;3969849,25;789603051,6;NGN
42964;0;07-07-17;2500000,00;2500000;USD
43214;0;18-12-17;1000000,00;162850017;NGN
43047;0;29-06-18;10000000,00;636799950;INR
42527;0;31-07-18;1250000,00;1250000;USD
42954;0;14-08-17;2500000,00;2500000;USD
43443;0;17-08-18;2500000,00;90737515;THB
43567;0;27-03-17;3000000,00;50840223;MXN
43070;0;03-09-18;3000000,00;3000000;USD
43071;0;28-08-18;2000000,00;72590012;THB
42718;0;31-07-17;1000000,00;1000000;USD
43068;0;27-07-18;3000000,00;108885018;THB
42679;0;17-07-17;1500000,00;1500000;USD
43391;0;16-07-18;1104000,00;989025,7559;EUR
43040;0;16-01-18;750000,00;750000;USD
43157;0;24-09-18;15000000,00;984600000;INR
43432;0;25-09-18;2000000,00;72590012;THB
42819;0;20-05-19;500000,00;500000;USD
43281;0;13-05-19;2280200,00;2052477,609;EUR
42923;0;29-05-19;2500000,00;2500000;USD
43337;0;27-11-18;1013397,83;598357668;XOF
43162;0;31-05-18;1500000,00;1500000;USD
42988;0;10-12-18;4000000,00;8760002700;TZS
42487;0;14-06-19;3000000,00;3000000;USD
43502;0;17-06-19;2500000,00;2500000;USD
43789;0;20-06-19;2651222,57;1565406307;XOF
42596;0;20-06-19;10000000,00;10000000;USD
42643;0;24-06-19;3500000,00;3500000;USD
43252;0;11-07-19;20000000,00;20000000;USD
43280;0;18-07-19;3420300,00;3043513,081;EUR
43546;0;24-07-18;3600000,00;239687985,6;INR
43489;0;25-07-19;3530000,00;235027385,9;INR
43473;0;10-07-19;7407407,41;7407407,41;USD
42776;0;24-01-20;1000000,00;1000000;USD
42617;0;31-01-20;15000000,00;15000000;USD
42757;0;12-09-18;1000000,00;3405989;PEN
43535;0;12-09-18;1000000,00;1000000;USD
42645;0;22-07-19;3500000,00;3500000;USD
43474;0;10-07-19;7407407,41;7407407,41;USD
43270;0;26-09-19;1500000,00;1500000;USD
42876;0;18-02-20;7500000,00;154511025;MXN
42770;0;28-10-19;5000000,00;16764160;PEN
43043;0;31-10-19;500000,00;500000;USD
43364;0;23-10-17;2000000,00;365010040;KZT
43472;0;10-07-19;5185185,20;5185185,2;USD
42555;0;25-02-20;5000000,00;5000000;USD
43388;0;22-11-19;5880303,00;399096264,6;INR
42540;0;27-11-18;2250000,00;152707538,3;INR
43382;0;29-11-19;10192418,00;691759582,9;INR
42758;0;12-12-18;1000000,00;3352832;PEN
42620;0;22-12-19;5000000,00;5000000;USD
4183818;0;03-12-21;9286925,00;8123977,606;EUR
43693;0;24-12-19;2000000,00;727000132;NGN
42605;0;17-11-19;1451629,00;1451629;USD
43080;0;31-01-21;2000000,00;2000000;USD
43528;0;09-12-20;1357094,00;1357094;USD
42618;0;20-12-20;5000000,00;5000000;USD
43255;0;25-06-18;500000,00;4962503;ZMW
43145;0;24-12-18;1500000,00;1500000;USD
42913;0;28-06-18;1000000,00;20601470;MXN
42938;0;17-04-18;4000000,00;4000000;USD
42863;0;27-12-19;5000000,00;5000000;USD
43222;0;27-12-19;20000000,00;213676220;BWP
43424;0;31-12-18;2000000,00;2000000;USD
43492;0;15-02-19;500000,00;500000;USD
43240;0;16-03-20;3000000,00;941085036;KZT
43654;0;13-04-17;10000000,00;10000000;USD
43653;0;13-05-17;5000000,00;5000000;USD
43445;0;24-02-20;5000000,00;5000000;USD
42460;0;03-03-20;3500000,00;11376841;PEN
43172;0;09-03-19;10000000,00;10000000;USD
42456;0;23-03-20;3500000,00;11376841;PEN
42942;0;14-03-19;1063000,00;993875,9291;EUR
42781;0;13-03-19;2000000,00;2000000;USD
42532;0;24-10-19;2000000,00;2000000;USD
42974;0;07-09-17;2000000,00;2000000;USD
42972;0;30-10-17;2000000,00;2000000;USD
42699;0;18-04-20;2000000,00;2000000;USD
42525;0;05-04-20;1250000,00;1250000;USD
42526;0;07-04-20;1500000,00;1500000;USD
43615;0;14-04-20;1700000,00;1700000;USD
43259;0;03-04-20;2000000,00;2000000;USD
42529;0;24-04-20;2000000,00;2000000;USD
42693;0;05-11-19;1000000,00;1000000;USD
42695;0;05-05-20;1000000,00;1000000;USD
43095;0;07-04-20;1610700,00;1412213,406;EUR
42943;0;12-04-19;1063000,00;932006,4881;EUR
42888;0;18-04-19;3000000,00;3000000;USD
43138;0;24-04-19;500000,00;500000;USD
42614;0;05-05-20;5000000,00;5000000;USD
42783;0;23-04-19;2000000,00;2000000;USD
42782;0;15-05-19;2000000,00;2000000;USD
43527;0;09-12-20;142906,00;142906;USD
42696;0;02-06-20;3000000,00;3000000;USD
42692;0;09-06-20;2000000,00;2000000;USD
42933;0;15-01-20;5700000,00;10269729,9;AZN
42935;0;15-01-20;4000000,00;7206828;AZN
43618;0;24-06-20;5300000,00;5300000;USD
42591;0;28-09-17;5000000,00;5000000;USD
42590;0;28-09-17;3000000,00;3000000;USD
42720;0;29-06-20;3881252,31;250874613,1;INR
4183701;0;23-08-21;3000000,00;3000000;USD
42494;0;28-08-20;1500000,00;6614997;GHS
42610;0;26-07-20;10000000,00;10000000;USD
42570;0;31-07-20;4056903,00;264996891,8;INR
43293;0;28-08-19;5000000,00;5000000;USD
42680;0;15-07-19;750000,00;750000;USD
42931;0;15-01-20;10000000,00;10000000;USD
42848;0;14-09-20;5895691,61;107061261,2;MXN
43120;0;09-08-20;4993417,00;326169983,5;INR
43231;0;14-09-20;4100000,00;1395229967;KZT
42497;0;19-03-18;750000,00;3307498,5;GHS
42694;0;31-07-20;4000000,00;4000000;USD
42510;0;08-09-20;3000000,00;3000000;USD
43139;0;30-09-19;1000000,00;1000000;USD
42588;0;22-08-18;8000000,00;8000000;USD
42697;0;29-09-20;2000000,00;2000000;USD
42788;0;26-10-20;3000000,00;3000000;USD
43201;0;22-11-19;1700000,00;1700000;USD
42853;0;10-10-19;2000000,00;2000000;USD
4183720;0;20-10-21;5000000,00;5000000;USD
43333;0;07-12-20;10000000,00;65120340;CNY
4183724;0;10-05-21;533765,30;533765,3;USD
42985;0;16-11-20;1000000,00;57571244;RUB
43152;0;21-05-19;1500000,00;29348247;MXN
43402;0;08-12-20;10000000,00;10000000;USD
42623;0;11-06-20;2000000,00;47175800;HNL
43202;0;12-12-19;700000,00;700000;USD
43573;0;14-12-20;750000,00;52232906,25;KGS
43574;0;14-12-20;750000,00;52232906,25;KGS
43140;0;18-12-19;500000,00;500000;USD
43500;0;15-12-20;3000000,00;3000000;USD
43632;0;22-12-20;2000000,00;2000000;USD
42601;0;22-12-20;10000000,00;10000000;USD
42484;0;22-01-20;1500000,00;96171073,5;HTG
42767;0;23-12-19;11880000,00;9893404,397;EUR
43788;0;29-12-20;7400000,00;7400000;USD
42756;0;30-11-20;5000000,00;5000000;USD
43547;0;31-10-20;5000000,00;319137660;INR
43490;0;27-12-18;500000,00;500000;USD
42870;0;27-01-20;1238500,00;1007033,378;EUR
42530;0;16-02-21;3000000,00;3000000;USD
43269;0;19-02-21;4000000,00;4000000;USD
43610;0;22-02-21;1250000,00;1250000;USD
43612;0;23-02-21;500000,00;500000;USD
42531;0;05-03-21;4000000,00;4000000;USD
42495;0;19-03-20;750000,00;3309458,25;GHS
42672;0;26-02-21;4923486,36;11122158691;TZS
42885;0;26-03-20;3000000,00;3000000;USD
42822;0;28-09-20;5000000,00;91267430;MXN
43135;0;30-09-19;500000,00;500000;USD
43141;0;30-09-19;500000,00;500000;USD
43142;0;30-09-19;75000,00;75000;USD
43572;0;07-06-21;1000000,00;69643875;KGS
4182212;0;07-06-21;701771,82;53326723,16;KGS
42852;0;23-04-20;1500000,00;1500000;USD
42509;0;10-11-20;10000000,00;10000000;USD
43614;0;13-07-18;2500000,00;2500000;USD
43183;0;25-05-21;2345869,00;160727238;INR
43205;0;18-06-20;1000000,00;1000000;USD
4183768;0;22-06-21;5000000,00;5000000;USD
43419;0;29-06-20;2903587,63;198939335,5;INR
4183773;0;24-08-21;5000000,00;5000000;USD
4183775;0;09-08-21;3000000,00;99179991;THB
43044;0;07-02-20;4946656,00;338920185,3;INR
43287;0;24-08-20;2000000,00;39311464;MXN
43181;0;27-06-20;2327009,00;159435044,9;INR
4183781;0;20-08-21;1000000,00;341205045;KZT
4183782;0;24-09-21;2500000,00;2500000;USD
4183783;0;30-08-21;2500000,00;2500000;USD
43516;0;11-06-20;2784026,00;190747569,2;INR
4183787;0;28-09-21;15000000,00;15000000;USD
43137;0;30-03-20;1425000,00;1425000;USD
43136;0;30-03-20;75000,00;75000;USD
4183790;0;01-10-21;500000,00;190515024,5;KZT
4183792;0;09-08-21;3000000,00;99179991;THB
43221;0;30-07-21;6500000,00;68930218,5;BWP
42516;0;31-01-19;1250000,00;1250000;USD
42845;0;16-04-21;500000,00;500000;USD
43216;0;16-11-20;991735,00;360495738;NGN
4183797;0;09-11-21;1146400,00;1002843,021;EUR
4183798;0;06-11-21;15000000,00;15000000;USD
4183799;0;30-10-21;3000000,00;97008792;THB
4183801;0;21-11-21;1000000,00;24338801;HNL
4183802;0;05-11-21;2472060,57;48684120,6;MXN
43594;0;24-10-20;2936055,44;204980795,7;INR
43691;0;19-11-20;1942825,42;135638413;INR
4183805;0;12-10-21;5000000,00;34328610;CNY
4183806;0;07-12-21;5779565,00;403500498,1;INR
4183807;0;18-10-21;500000,00;500000;USD
43708;0;14-06-21;925000,00;925000;USD
4183812;0;18-08-21;3000000,00;3000000;USD
42561;0;08-01-21;4013457,00;278032113,3;INR
42563;0;28-02-21;2000000,00;2000000;USD
43727;0;13-02-21;3938830,00;272862330,1;INR
4183829;0;14-09-21;1500000,00;1500000;USD
4183832;0;26-03-21;2100000,00;145477437;INR
43808;0;25-05-21;2792000,00;1608212105;XOF
43739;0;29-05-21;2000000,00;2000000;USD
4183840;0;12-10-21;1500000,00;1500000;USD
4183841;0;10-11-21;1500000,00;1500000;USD
43777;0;28-03-21;10050251,00;696230836,5;INR
43877;0;18-06-21;1121300,00;984632,947;EUR
43878;0;15-07-21;373197,00;318250,97;EUR
4183849;0;14-08-21;1121300,00;1028526,876;EUR
4183852;0;21-06-21;1000000,00;1000000;USD
4183855;0;02-08-21;2953761,21;1067784813;NGN
4183858;0;10-08-21;10000000,00;130999820;ZMW
4183860;0;13-09-21;972862,26;19208229,43;MXN
4183862;0;09-08-21;1000000,00;1000000;USD
43899;0;16-03-21;1000000,00;1000000;USD
4183867;0;14-11-21;3000000,00;3000000;USD
4183869;0;02-12-21;1000000,00;1000000;USD
4183871;0;14-06-21;1000000,00;9680000;TJS
4183880;0;29-11-21;1000000,00;2739500935;MNT
4183884;0;26-11-21;2000000,00;2000000;USD
43926;0;21-04-21;2000000,00;2000000;USD
44123;0;16-04-21;250000,00;250000;USD
44131;0;23-04-21;500000,00;500000;USD
44134;0;25-06-21;2200000,00;166108177,4;INR
4171536;0;07-06-21;500000,00;37994346,5;KGS
4183924;0;19-08-21;500000,00;5158402;TJS
4183927;0;28-08-21;285304,30;123505398,9;KZT
4171613;0;15-07-21;1129650,00;1036186,021;EUR
4183931;0;16-08-21;390368,00;332893,8729;EUR
44105;0;24-07-21;5000000,00;5000000;USD
4171610;0;26-02-21;195442,00;195442;USD
4171615;0;07-04-21;922509,00;399344993;KZT
4183945;0;30-11-21;493443,00;11401975,56;MXN
4183946;0;30-11-21;404888,00;8938213,959;MXN
4171616;0;23-10-20;1500000,00;1500000;USD
4183948;0;30-07-21;1000000,00;1000000;USD
4183951;0;22-11-21;166864,89;13791354,79;KGS
4183954;0;27-08-21;200290,00;200290;USD
4183965;0;07-12-21;359454,92;7162320,446;MXN
4178652;0;13-10-21;750000,00;750000;USD
4171585;0;16-03-21;950000,00;69414132,6;INR
4178646;0;01-10-21;142456,16;59993999,19;KZT
43371;0;31-12-12;2454100,00;2454100;USD
4171492;0;30-12-17;2454100,00;2454100;USD
4171493;0;30-12-17;2454100,00;2454100;USD
4171494;0;05-01-20;2454100,00;2454100;USD
42575;0;31-12-19;2454100,00;2454100;USD
4183722;0;31-12-21;2454100,00;2454100;NGN
42881;0;08-11-19;2312059,05;47500000;MXN
42881;1;08-11-20;2312059,05;47500000;MXN
43133;0;31-12-21;850715,15;3378417,02;PLN
43133;1;31-12-22;115832,05;460000;PLN
4182195;0;13-08-21;1886093,68;140000000;INR
4182195;1;13-02-22;1886093,68;140000000;INR
4183335;0;03-01-23;1253100,99;8087500;CNY
4183335;1;03-07-23;3759302,97;24262500;CNY
4183357;0;17-08-23;495248,77;54725000;KES
4183357;1;19-08-24;495248,77;54725000;KES
4183388;0;08-07-22;954682,71;395000000;NGN
4183394;0;30-01-23;483383,65;200000000;NGN
4183394;1;30-07-23;483383,65;200000000;NGN
4183395;0;27-07-24;1488219,88;1214299650;MWK
4183397;0;07-07-23;489835,15;422654,26;EUR
4183397;1;07-08-23;489835,17;422654,27;EUR
4183397;2;08-01-24;489835,17;422654,27;EUR
4183397;3;08-07-24;489835,17;422654,27;EUR
4183397;4;07-01-25;489835,17;422654,27;EUR
4183412;0;12-07-24;4984676,16;370000000;INR
4183413;0;20-08-24;2963861,50;220000000;INR
4183418;0;24-07-23;1000000,00;1000000;USD
4183418;1;22-01-24;1000000,00;1000000;USD
4183418;2;22-07-24;2000000,00;2000000;USD
4183420;0;30-01-24;3750000,00;3750000;USD
4183420;1;30-01-25;3750000,00;3750000;USD
4183422;0;31-12-21;333333,33;333333,33;USD
4183422;1;30-06-22;333333,33;333333,33;USD
4183422;2;03-01-23;333333,33;333333,33;USD
4183422;3;30-06-23;333333,33;333333,33;USD
4183422;4;02-01-24;333333,33;333333,33;USD
4183422;5;01-07-24;333333,35;333333,35;USD
4183431;0;25-12-24;5000000,00;5000000;USD
4183433;0;27-08-24;4917315,67;365000000;INR
4183433;1;27-02-25;4917315,67;365000000;INR
4183439;0;07-10-24;5000000,00;5000000;USD
4183455;0;27-07-24;5794750,00;5000000;EUR
4183457;0;22-07-24;4000000,00;4000000;USD
4183459;0;21-07-22;490046,76;11832180;HNL
4183459;1;23-01-23;490046,76;11832180;HNL
4183459;2;21-07-23;490046,76;11832180;HNL
4183459;3;22-01-24;490046,76;11832180;HNL
4183459;4;22-07-24;490046,76;11832180;HNL
4183459;5;21-01-25;501855,00;12117290;HNL
4183462;0;31-01-23;1666666,67;1666666,667;USD
4183462;1;31-01-24;1666666,67;1666666,667;USD
4183462;2;31-01-25;1666666,67;1666666,667;USD
4183467;0;28-02-23;434606,25;375000;EUR
4183467;1;31-08-23;434606,25;375000;EUR
4183467;2;29-02-24;434606,25;375000;EUR
4183467;3;30-08-24;434606,25;375000;EUR
4183468;0;30-11-23;514540,05;443970,88;EUR
4183468;1;30-05-24;514540,05;443970,88;EUR
4183468;2;02-12-24;514540,05;443970,88;EUR
4183468;3;31-01-25;1029080,09;887941,75;EUR
4183474;0;21-10-21;1500000,00;1500000;USD
4183480;0;22-11-22;400000,00;400000;USD
4183480;1;22-05-23;400000,00;400000;USD
4183480;2;22-11-23;600000,00;600000;USD
4183480;3;22-05-24;600000,00;600000;USD
4183483;0;19-11-24;5794750,00;5000000;EUR
4183662;0;31-01-19;1250000,00;1250000;USD
4183662;1;31-07-19;1250000,00;1250000;USD
4183662;2;31-01-20;2500000,00;2500000;USD
4183721;0;26-05-20;1142035,48;23462500;MXN
4183721;1;24-11-20;1142035,48;23462500;MXN
4183725;0;13-11-18;2094516,89;8660000,01;PEN
4183725;1;13-11-19;2094516,89;8660000,01;PEN
4183725;2;16-08-22;1047258,44;4330000;PEN
4183725;3;14-08-23;1047258,44;4330000;PEN
4183733;0;20-12-18;2500000,00;2500000;USD
4183733;1;20-12-19;2500000,00;2500000;USD
4183733;2;20-12-20;2500000,00;2500000;USD
4183733;3;20-12-21;2500000,00;2500000;USD
4183736;0;24-12-18;543212,19;11160000;MXN
4183736;1;24-06-19;543212,19;11160000;MXN
4183736;2;23-12-19;543212,19;11160000;MXN
4183736;3;22-06-20;543212,19;11160000;MXN
4183736;4;22-12-20;543212,19;11160000;MXN
4183759;0;05-10-20;553677,30;11375000;MXN
4183759;1;06-04-21;553677,30;11375000;MXN
4183763;0;09-04-20;1113875,17;37500000;THB
4183763;1;09-04-21;1113875,17;37500000;THB
4183763;2;12-10-21;1113875,17;37500000;THB
4183763;3;11-04-22;1113875,17;37500000;THB
4183772;0;17-07-20;660000,00;660000;USD
4183772;1;19-07-21;660000,00;660000;USD
4183772;2;18-07-22;680000,00;680000;USD
4183774;0;10-07-19;1875000,00;1875000;USD
4183774;1;10-01-20;1875000,00;1875000;USD
4183774;2;10-07-20;3987553,12;3987553,12;USD
4183774;3;10-01-21;1875000,00;1875000;USD
4183774;4;10-07-21;1875000,00;1875000;USD
4183774;5;10-01-22;1170815,62;1170815,62;USD
4183774;6;10-07-22;1170815,63;1170815,63;USD
4183774;7;10-01-23;1170815,63;1170815,63;USD
4183776;0;05-02-19;446186,80;9166666;MXN
4183776;1;05-08-19;446186,80;9166666;MXN
4183776;2;04-02-20;446186,85;9166667;MXN
4183776;3;03-08-20;446186,85;9166667;MXN
4183776;4;03-02-21;446186,85;9166667;MXN
4183776;5;03-08-21;446186,85;9166667;MXN
4183777;0;04-09-19;179916,54;1081300;GHS
4183777;1;04-03-20;179916,54;1081300;GHS
4183777;2;04-09-20;179916,54;1081300;GHS
4183777;3;04-03-21;179916,54;1081300;GHS
4183777;4;07-09-21;179916,54;1081300;GHS
4183777;5;04-03-22;179916,54;1081300;GHS
4183777;6;06-09-22;179916,54;1081300;GHS
4183777;7;07-03-23;179916,54;1081300;GHS
4183777;8;05-09-23;196272,58;1179600;GHS
4183784;0;17-09-19;1322497,78;27170000;MXN
4183784;1;17-03-20;1322497,78;27170000;MXN
4183784;2;14-09-20;1322497,78;27170000;MXN
4183784;3;16-03-21;1322497,78;27170000;MXN
4183784;4;14-09-21;1322497,78;27170000;MXN
4183784;5;14-03-22;1322497,78;27170000;MXN
4183784;6;14-09-22;1313249,54;26980000;MXN
4183786;0;17-08-20;1109788,34;22800000;MXN
4183786;1;16-02-21;1202270,70;24700000;MXN
4183786;2;16-08-21;1202270,70;24700000;MXN
4183791;0;06-07-21;1500000,00;1500000;USD
4183791;1;06-04-22;1000000,00;1000000;USD
4183800;0;05-11-22;5000000,00;5000000;USD
4183809;0;15-06-20;418153,72;4711450;TJS
4183809;1;13-12-21;418153,72;4711450;TJS
4183810;0;21-12-19;1250000,00;1250000;USD
4183810;1;21-12-20;1250000,00;1250000;USD
4183810;2;21-12-21;1250000,00;1250000;USD
4183810;3;21-12-22;1250000,00;1250000;USD
4183811;0;21-12-19;2400000,00;2400000;USD
4183811;1;21-12-20;2400000,00;2400000;USD
4183811;2;21-12-21;3200000,00;3200000;USD
4183813;0;20-12-19;666600,00;666600;USD
4183813;1;20-12-20;666600,00;666600;USD
4183813;2;20-12-21;666800,00;666800;USD
4183814;0;19-12-19;1143857,00;1143857;USD
4183814;1;19-12-20;1250000,00;1250000;USD
4183814;2;31-07-21;106143,00;106143;USD
4183814;3;19-12-21;1250000,00;1250000;USD
4183814;4;19-12-22;1250000,00;1250000;USD
4183815;0;28-06-21;1680540,46;19021740;BWP
4183815;1;28-12-21;1680540,46;19021740;BWP
4183816;0;28-06-21;479204,66;9845000;MXN
4183816;1;28-12-21;479204,66;9845000;MXN
4183817;0;14-12-21;1500000,00;1500000;USD
4183820;0;18-01-22;10000000,00;10000000;USD
4183823;0;29-01-20;333300,00;333300;USD
4183823;1;29-01-21;333300,00;333300;USD
4183823;2;29-01-22;333400,00;333400;USD
4183826;0;24-01-22;1942004,23;65380000;THB
4183828;0;12-03-20;658614,34;7454739,09;BWP
4183828;1;14-09-20;658614,33;7454739,08;BWP
4183828;2;12-03-21;658614,34;7454739,09;BWP
4183828;3;13-09-21;658614,33;7454739,08;BWP
4183828;4;14-03-22;658614,34;7454739,09;BWP
4183828;5;12-09-22;705658,22;7987220,44;BWP
4183828;6;13-03-23;705658,22;7987220,45;BWP
4183830;0;15-02-23;7072851,31;525000000;INR
4183831;0;25-03-22;2829140,52;210000000;INR
4183833;0;23-12-20;495159,97;1141839200;TZS
4183833;1;24-06-21;495159,97;1141839200;TZS
4183833;2;23-12-21;495159,97;1141839200;TZS
4183833;3;24-06-22;495159,97;1141839200;TZS
4183833;4;22-12-22;495159,97;1141839200;TZS
4183834;0;25-04-21;666600,00;666600;USD
4183834;1;25-04-22;666600,00;666600;USD
4183834;2;25-04-23;666800,00;666800;USD
4183835;0;23-04-20;500000,00;500000;USD
4183835;1;23-04-21;500000,00;500000;USD
4183835;2;23-04-22;500000,00;500000;USD
4183836;0;30-04-20;2333300,00;2333300;USD
4183836;1;26-04-21;2333300,00;2333300;USD
4183836;2;26-04-22;2333400,00;2333400;USD
4183837;0;15-05-22;4000000,00;4000000;USD
4183843;0;22-05-20;582750,00;582750;USD
4183843;1;25-05-21;582750,00;582750;USD
4183843;2;22-05-22;584500,00;584500;USD
4183844;0;05-05-20;333333,33;333333,33;USD
4183844;1;03-08-20;333333,33;333333,33;USD
4183844;2;02-11-20;333333,33;333333,33;USD
4183844;3;02-02-21;333333,33;333333,33;USD
4183844;4;04-05-21;333333,33;333333,33;USD
4183844;5;02-08-21;333333,33;333333,33;USD
4183844;6;02-11-21;333333,33;333333,33;USD
4183844;7;02-02-22;333333,33;333333,33;USD
4183844;8;03-05-22;333333,36;333333,36;USD
4183845;0;23-04-21;1890320,42;63640000;THB
4183845;1;26-10-21;1890320,42;63640000;THB
4183845;2;25-04-22;3780640,85;127280000;THB
4183846;0;07-05-20;286000,00;286000;USD
4183846;1;07-11-20;286000,00;286000;USD
4183846;2;07-05-21;286000,00;286000;USD
4183846;3;07-11-21;286000,00;286000;USD
4183846;4;07-05-22;286000,00;286000;USD
4183846;5;07-11-22;286000,00;286000;USD
4183846;6;07-05-23;284000,00;284000;USD
4183850;0;07-05-21;1188876,10;40025000;THB
4183850;1;08-11-21;1188876,10;40025000;THB
4183850;2;10-05-22;2377752,20;80050000;THB
4183851;0;06-06-21;1000000,00;1000000;USD
4183851;1;06-06-22;1000000,00;1000000;USD
4183853;0;18-06-20;901315,42;777700;EUR
4183853;1;18-12-20;901416,82;777787,5;EUR
4183853;2;18-06-21;901687,25;778020,84;EUR
4183853;3;20-12-21;901552,03;777904,16;EUR
4183853;4;20-06-22;901335,70;777717,5;EUR
4183853;5;20-12-22;901335,70;777717,5;EUR
4183853;6;20-06-23;901245,57;777639,73;EUR
4183853;7;20-12-23;901380,76;777756,38;EUR
4183853;8;21-06-24;901380,77;777756,39;EUR
4183854;0;27-12-21;2000000,00;2000000;USD
4183856;0;31-07-20;1666500,00;1666500;USD
4183856;1;31-07-21;1666500,00;1666500;USD
4183856;2;31-07-22;1667000,00;1667000;USD
4183857;0;07-04-21;879775,52;375000000;KZT
4183857;1;07-07-21;879775,52;375000000;KZT
4183857;2;05-07-22;879775,52;375000000;KZT
4183859;0;09-09-20;375000,00;375000;USD
4183859;1;09-03-21;375000,00;375000;USD
4183859;2;09-09-21;375000,00;375000;USD
4183859;3;09-03-22;375000,00;375000;USD
4183861;0;07-09-21;193158,72;166667;EUR
4183861;1;07-03-22;193158,72;166667;EUR
4183861;2;06-09-22;193157,56;166666;EUR
4183863;0;22-07-21;5000000,00;5000000;USD
4183863;1;24-01-22;3500000,00;3500000;USD
4183864;0;22-07-22;3500000,00;3500000;USD
4183866;0;15-10-22;5000000,00;5000000;USD
4183868;0;05-12-20;272353,25;235000;EUR
4183868;1;31-08-21;52152,75;45000;EUR
4183868;2;30-06-24;166888,80;144000;EUR
4183868;3;30-09-24;183577,68;158400;EUR
4183868;4;30-12-24;208611,00;180000;EUR
4183868;5;30-03-25;275366,52;237600;EUR
4183870;0;16-12-22;2000000,00;2000000;USD
4183872;0;23-06-21;500000,00;500000;USD
4183872;1;23-12-22;500000,00;500000;USD
4183873;0;14-11-21;5114934,30;54688877500;UZS
4183873;1;14-11-22;5114934,30;54688877500;UZS
4183874;0;15-11-21;2958542,84;31632740000;UZS
4183874;1;15-05-22;2958986,16;31637480000;UZS
4183874;2;15-11-22;2958986,16;31637480000;UZS
4183875;0;21-06-21;435045,28;180000000;NGN
4183875;1;20-12-21;435045,28;180000000;NGN
4183876;0;24-06-21;879758,24;364000000;NGN
4183876;1;23-12-21;879758,24;364000000;NGN
4183876;2;23-06-22;879758,24;364000000;NGN
4183876;3;23-12-22;879758,24;364000000;NGN
4183877;0;23-12-21;3000000,00;3000000;USD
4183878;0;23-06-21;2000000,00;2000000;USD
4183878;1;23-12-22;2000000,00;2000000;USD
4183879;0;23-12-20;456563,71;50450300;KES
4183879;1;23-12-21;456563,71;50450300;KES
4183881;0;29-12-21;1574837,94;17825311,94;BWP
4183881;1;27-06-22;1574837,94;17825311,95;BWP
4183881;2;28-12-22;1574837,94;17825311,94;BWP
4183882;0;29-12-20;2414236,56;2083124;EUR
4183882;1;28-12-21;2414600,47;2083438;EUR
4183882;2;29-12-22;2414600,47;2083438;EUR
4183883;0;22-11-21;165448,13;14030000;KGS
4183883;1;22-11-21;248172,20;21045000;KGS
4183883;2;21-11-22;413620,33;35075000;KGS
4183885;0;24-06-21;331250,00;331250;USD
4183885;1;23-12-21;331250,00;331250;USD
4183885;2;24-06-22;331250,00;331250;USD
4183885;3;23-12-22;331250,00;331250;USD
4183886;0;21-02-22;750000,00;750000;USD
4183887;0;21-02-22;3000000,00;3000000;USD
4183888;0;31-01-22;3500000,00;3500000;USD
4183889;0;26-02-21;333300,00;333300;USD
4183889;1;26-08-21;333300,00;333300;USD
4183889;2;26-02-22;333400,00;333400;USD
4183890;0;28-02-22;5160203,82;10126900000;MMK
4183891;0;17-03-22;750000,00;750000;USD
4183892;0;30-03-22;2000000,00;2000000;USD
4183893;0;06-03-23;4015783,60;70818400;MDL
4183894;0;11-03-21;963276,81;19790000;MXN
4183894;1;13-09-21;963276,81;19790000;MXN
4183894;2;11-03-22;963276,81;19790000;MXN
4183894;3;12-09-22;963276,81;19790000;MXN
4183894;4;13-03-23;963276,81;19790000;MXN
4183895;0;12-03-21;300000,00;300000;USD
4183895;1;12-09-21;300000,00;300000;USD
4183895;2;12-03-22;450000,00;450000;USD
4183895;3;12-09-22;450000,00;450000;USD
4183896;0;22-07-21;1668384,24;23878750000;IDR
4183896;1;24-01-22;1668384,24;23878750000;IDR
4183896;2;22-07-22;1668384,24;23878750000;IDR
4183896;3;23-01-23;1668384,24;23878750000;IDR
4183897;0;08-08-22;369375,80;724900000;MMK
4183897;1;07-02-23;738751,59;1449800000;MMK
4183897;2;07-08-23;1108127,39;2174700000;MMK
4183897;3;07-02-24;1477503,18;2899600000;MMK
4183898;0;18-01-22;1200000,00;1200000;USD
4183898;1;17-01-23;1200000,00;1200000;USD
4183899;0;29-05-21;5000000,00;5000000;USD
4183899;1;29-05-22;5000000,00;5000000;USD
4183899;2;29-05-23;5000000,00;5000000;USD
4183900;0;02-06-21;300000,00;300000;USD
4183900;1;02-12-21;300000,00;300000;USD
4183900;2;02-06-22;450000,00;450000;USD
4183900;3;02-12-22;450000,00;450000;USD
4183901;0;31-05-22;3916126,19;14928000000;COP
4183905;0;20-08-21;2500000,00;2500000;USD
4183905;1;20-11-21;2500000,00;2500000;USD
4183906;0;22-04-21;3444632,78;13130700000;COP
4183906;1;22-04-22;3444632,78;13130700000;COP
4183906;2;24-04-23;3549015,59;13528600000;COP
4183907;0;30-05-23;2319707,85;34900000;ZAR
4183908;0;24-10-22;6750000,00;6750000;USD
4183908;1;24-04-23;3500000,00;3500000;USD
4183909;0;02-06-22;2694419,55;200000000;INR
4183911;0;24-12-21;550000,00;550000;USD
4183911;1;04-06-22;550000,00;550000;USD
4183911;2;24-02-23;550000,00;550000;USD
4183911;3;24-06-23;550000,00;550000;USD
4183912;0;02-06-22;2694419,55;200000000;INR
4183914;0;26-06-23;2126980,89;4174200000;MMK
4183915;0;29-06-22;3341767,32;248051000;INR
4183916;0;30-06-22;1990986,85;28496000000;IDR
4183916;1;30-06-23;1990986,85;28496000000;IDR
4183917;0;30-06-23;2296068,02;77300000;THB
4183918;0;11-07-22;579475,00;500000;EUR
4183918;1;11-07-23;579475,00;500000;EUR
4183919;0;20-02-22;2500000,00;2500000;USD
4183919;1;20-05-22;2500000,00;2500000;USD
4183920;0;01-08-22;1158950,00;1000000;EUR
4183920;1;31-07-23;1158950,00;1000000;EUR
4183921;0;14-08-23;10000000,00;10000000;USD
4183922;0;14-08-23;2093656,05;4108800000;MMK
4183923;0;31-08-22;2500000,00;2500000;USD
4183923;1;31-08-23;2500000,00;2500000;USD
4183925;0;22-02-22;500000,00;500000;USD
4183925;1;20-05-22;1000000,00;1000000;USD
4183925;2;22-08-22;500000,00;500000;USD
4183926;0;23-09-23;2035770,70;3995200000;MMK
4183928;0;25-09-23;7620155,11;29047500000;COP
4183930;0;31-07-22;3502745,41;260000000;INR
4183932;0;02-10-23;1360485,10;2669952000;MMK
4183933;0;12-02-21;1077767,82;80000000;INR
4183933;1;15-11-21;179627,97;13333333,33;INR
4183933;2;15-12-21;179627,97;13333333,33;INR
4183933;3;14-01-22;179627,97;13333333,33;INR
4183933;4;13-02-22;179627,97;13333333,33;INR
4183933;5;15-03-22;179627,97;13333333,33;INR
4183933;6;14-04-22;179627,97;13333333,33;INR
4183933;7;14-05-22;179627,97;13333333,33;INR
4183933;8;13-06-22;179627,97;13333333,33;INR
4183933;9;13-07-22;179627,97;13333333,33;INR
4183933;10;12-08-22;179627,97;13333333,33;INR
4183933;11;11-09-22;179627,97;13333333,33;INR
4183933;12;11-10-22;179627,97;13333333,33;INR
4183933;13;10-11-22;179627,97;13333333,33;INR
4183933;14;10-12-22;179627,97;13333333,33;INR
4183933;15;09-01-23;179627,97;13333333,33;INR
4183933;16;08-02-23;179627,97;13333333,33;INR
4183933;17;10-03-23;179627,97;13333333,33;INR
4183933;18;09-04-23;179627,97;13333333,33;INR
4183934;0;15-04-22;500000,00;500000;USD
4183934;1;15-10-22;500000,00;500000;USD
4183937;0;18-08-22;11250000,00;11250000;USD
4183937;1;18-08-23;3750000,00;3750000;USD
4183938;0;16-09-21;250000,00;250000;USD
4183938;1;16-03-22;250000,00;250000;USD
4183939;0;08-09-21;750000,00;750000;USD
4183939;1;08-09-22;750000,00;750000;USD
4183940;0;03-10-23;10000000,00;10000000;USD
4183949;0;28-10-23;5000000,00;5000000;USD
4183950;0;18-11-22;579475,00;500000;EUR
4183950;1;19-05-23;289737,50;250000;EUR
4183950;2;20-11-23;289737,50;250000;EUR
4183952;0;30-10-21;247500,00;247500;USD
4183952;1;30-04-22;247500,00;247500;USD
4183952;2;30-10-22;255000,00;255000;USD
4183953;0;02-06-22;2896501,01;215000000;INR
4183955;0;08-12-22;2500000,00;2500000;USD
4183955;1;08-12-23;2500000,00;2500000;USD
4183956;0;07-06-22;1000000,00;1000000;USD
4183956;1;04-12-23;1000000,00;1000000;USD
4183957;0;14-06-21;430228,52;4847500;TJS
4183957;1;14-12-21;430228,52;4847500;TJS
4183958;0;15-12-22;1158950,00;1000000;EUR
4183958;1;15-12-22;1158950,00;1000000;EUR
4183959;0;22-12-21;2000000,00;2000000;USD
4183960;0;15-12-22;1666666,00;1666666;USD
4183960;1;15-06-23;1666667,00;1666667;USD
4183960;2;15-12-23;1666667,00;1666667;USD
4183961;0;10-11-18;766666,06;766666,06;USD
4183961;1;01-07-19;166666,67;166666,67;USD
4183961;2;03-11-20;612704,08;612704,08;USD
4183961;3;13-03-22;542767,38;542767,38;USD
4183961;4;13-07-22;325660,43;325660,43;USD
4183961;5;02-01-23;542767,38;542767,38;USD
4183961;6;29-12-23;311911,00;311911;USD
4183961;7;10-01-24;230857,00;230857;USD
4183962;0;30-04-20;681448,98;14000000;MXN
4183962;1;15-03-21;40562,44;833333,3333;MXN
4183962;2;15-04-21;40562,44;833333,3333;MXN
4183962;3;15-05-21;40562,44;833333,3333;MXN
4183962;4;31-08-21;681448,98;14000000;MXN
4183962;5;29-10-21;681448,98;14000000;MXN
4183962;6;28-02-22;681448,98;14000000;MXN
4183963;0;30-06-22;1761933,40;729000000;NGN
4183963;1;03-01-23;1761933,40;729000000;NGN
4183963;2;30-06-23;1761933,40;729000000;NGN
4183963;3;02-01-24;1761933,40;729000000;NGN
4183964;0;03-01-23;984338,27;108769400;KES
4183966;0;14-02-21;382453,50;330000;EUR
4183966;1;14-08-21;394043,00;340000;EUR
4183966;2;16-08-21;382453,50;330000;EUR
4183967;0;13-12-21;456402,00;456402;USD
4183967;1;13-01-22;329754,00;329754;USD
4183970;0;23-12-22;579475,00;500000;EUR
4183970;1;23-12-23;579475,00;500000;EUR
4183971;0;24-12-22;724125,25;53750000;INR
4183971;1;22-12-23;2172375,76;161250000;INR
4183972;0;05-06-23;12124887,96;900000000;INR
4183973;0;30-06-23;4378431,76;325000000;INR
4183977;0;25-01-23;5679757,87;2350000000;NGN
4183978;0;12-08-22;500000,00;500000;USD
4183978;1;12-02-23;500000,00;500000;USD
4183979;0;26-02-24;5000000,00;5000000;USD
4183980;0;04-03-22;1500000,00;1500000;USD
4183980;1;06-03-23;1500000,00;1500000;USD
4183981;0;09-03-22;99232,38;10965180;KES
4183981;1;09-03-23;297697,14;32895540;KES
4183981;2;09-09-23;297697,14;32895540;KES
4183981;3;09-03-24;297697,14;32895540;KES
4183982;0;08-07-21;1886093,68;140000000;INR
4183982;1;07-01-22;1886093,68;140000000;INR
4183984;0;24-08-21;498504,55;7500000;ZAR
4183984;1;24-02-22;498504,55;7500000;ZAR
4183984;2;24-09-22;498504,55;7500000;ZAR
4183984;3;24-02-23;498504,55;7500000;ZAR
4183985;0;29-07-21;590305,18;12127500;MXN
4183985;1;31-01-22;590305,18;12127500;MXN
4183985;2;29-07-22;590305,18;12127500;MXN
4183985;3;30-01-23;590305,18;12127500;MXN
4183985;4;31-07-23;590305,18;12127500;MXN
4183986;0;26-07-21;515824,82;3333333,25;CNH
4183986;1;26-01-22;515824,82;3333333,25;CNH
4183986;2;26-07-22;515824,82;3333333,25;CNH
4183986;3;30-01-23;515824,82;3333333,25;CNH
4183987;0;07-03-24;9430468,42;700000000;INR
4183988;0;12-03-24;4715234,21;350000000;INR
4183989;0;15-09-21;328928,71;758509818;TZS
4183989;1;15-03-22;328928,71;758509818;TZS
4183989;2;15-09-22;328928,71;758509818;TZS
4183989;3;15-03-23;328928,71;758509818;TZS
4183989;4;15-09-23;328928,71;758509818;TZS
4183989;5;15-03-24;348863,78;804480110;TZS
4183990;0;01-03-23;6736048,87;500000000;INR
4183991;0;22-03-22;150000,00;150000;USD
4183991;1;22-09-22;150000,00;150000;USD
4183991;2;22-03-23;225000,00;225000;USD
4183991;3;22-09-23;225000,00;225000;USD
4183992;0;31-03-24;2006306,25;148923077;INR
4183993;0;27-02-24;5801804,48;195325000;THB
4183994;0;30-09-21;678057,52;2803500;PEN
4183994;1;30-03-22;678057,52;2803500;PEN
4183994;2;30-09-22;678057,52;2803500;PEN
4183994;3;30-03-23;678057,52;2803500;PEN
4183995;0;24-01-22;833333,33;833333,33;USD
4183995;1;23-01-23;833333,33;833333,33;USD
4183995;2;22-01-24;833333,34;833333,34;USD
4183996;0;30-03-22;500000,00;500000;USD
4183996;1;30-09-22;500000,00;500000;USD
4183996;2;30-03-23;500000,00;500000;USD
4183996;3;02-10-23;500000,00;500000;USD
4183996;4;02-04-24;500000,00;500000;USD
4183997;0;15-04-23;2000000,00;2000000;USD
4183998;0;05-02-18;5867933,00;5867933;USD
4183999;0;05-02-18;5867933,00;5867933;USD
4184000;0;03-04-18;333333,00;333333;USD
4184000;1;03-04-19;333333,00;333333;USD
4184000;2;29-12-19;292280,37;292280,37;USD
4184000;3;29-12-23;41053,63;41053,63;USD
4184001;0;30-01-22;1000000,00;1000000;USD
4184001;1;30-01-22;1000000,00;1000000;USD
4184002;0;18-05-22;999000,00;999000;USD
4184002;1;19-05-23;999000,00;999000;USD
4184002;2;21-05-24;1002000,00;1002000;USD
4184003;0;29-05-23;1000000,00;1000000;USD
4184004;0;15-04-24;5504502,25;17130000;GEL
4184005;0;31-05-22;1069450,70;4076671500;COP
4184005;1;30-05-23;1069450,70;4076671500;COP
4184005;2;28-05-24;1101858,29;4200207000;COP
4184006;0;23-04-23;1000000,00;1000000;USD
4184007;0;19-04-23;2000000,00;2000000;USD
4184008;0;17-10-22;1500000,00;1500000;USD
4184008;1;15-04-24;1500000,00;1500000;USD
4184009;0;22-05-23;1250000,00;1250000;USD
4184009;1;21-05-24;1249875,00;1249875;USD
4184009;2;21-02-25;2500125,00;2500125;USD
4184010;0;12-06-23;2333333,33;2333333,33;USD
4184010;1;11-06-24;2333333,33;2333333,33;USD
4184010;2;13-01-25;2333333,34;2333333,34;USD
4184011;0;01-04-24;3500000,00;3500000;USD
4184012;0;21-02-24;1000000,00;1000000;USD
4184012;1;21-02-24;750000,00;750000;USD
4184012;2;21-02-24;1250000,00;1250000;USD
4184012;3;21-06-24;1000000,00;1000000;USD
4184012;4;21-06-24;750000,00;750000;USD
4184012;5;21-06-24;1250000,00;1250000;USD
4184013;0;21-06-23;579475,00;500000;EUR
4184013;1;21-06-24;579475,00;500000;EUR
4184014;0;23-12-22;250000,00;250000;USD
4184014;1;26-06-23;250000,00;250000;USD
4184015;0;23-12-23;1000000,00;1000000;USD
4184015;1;24-06-24;1000000,00;1000000;USD
4184016;0;18-06-21;394043,00;340000;EUR
4184016;1;18-06-21;382453,50;330000;EUR
4184016;2;18-12-21;382453,50;330000;EUR
4184016;3;30-12-22;289737,50;250000;EUR
4184016;4;30-06-23;289737,50;250000;EUR
4184016;5;29-12-23;289737,50;250000;EUR
4184016;6;28-06-24;289737,50;250000;EUR
4184017;0;27-07-22;661144,65;1524600000;TZS
4184017;1;26-06-23;661144,65;1524600000;TZS
4184017;2;25-06-24;661144,65;1524600000;TZS
4184018;0;30-06-23;2155535,64;160000000;INR
4184030;0;21-10-22;1993957,55;825000000;NGN
4184030;1;23-10-23;1993957,55;825000000;NGN
4184031;0;22-11-22;200000,02;16960000;KGS
4184031;1;22-11-23;300000,03;25440000;KGS
4184031;2;22-11-24;500000,05;42400000;KGS
4184033;0;27-10-23;1750000,00;1750000;USD
4184033;1;29-04-24;1750000,00;1750000;USD
4184033;2;28-10-24;3500000,00;3500000;USD
4184039;0;14-05-24;1500000,00;1500000;USD
4184039;1;14-11-24;1500000,00;1500000;USD
