Country_Name,Rating_Moodys,Rating_Mimosa,GDP,GDP_per_capita,Population,IDA
China,A1,,14342902842916,10262,1397715000,No
India,Baa3,,2875142314812,2104,1366417754,No
Indonesia,Baa2,,1119190780753,4136,270625568,No
Pakistan,B3,,278221906023,1285,216565318,Yes
Brazil,Ba2,,1839758040766,8717,211049527,No
Nigeria,B2,,448120428859,2230,200963599,Yes
Bangladesh,Ba3,,302571254131,1856,163046161,Yes
Russia,Baa3,,1699876578871,11585,144373535,No
Mexico,Baa1,,1258286717125,9863,127575529,No
Japan,A1,,5081769542380,40247,126264931,No
Ethiopia,B2,,96107662398,858,112078730,Yes
Philippines,Baa2,,376795508680,3485,108116615,No
Egypt,B2,,303175127598,3020,100388073,No
Vietnam,Ba3,,261921244843,2715,96462106,No
Congo Republic,Caa2,,47319624204,545,86790567,No
Turkey,B2,,754411708203,9042,83429615,No
Germany,Aaa,,3845630030824,46259,83132799,No
Iran,No Rating,,,,82913906,No
Thailand,Baa1,,543649976166,7808,69625582,No
France,Aa2,,2715518274227,40494,67059887,No
UK,Aa2,,2827113184696,42300,66834405,No
Italy,Baa3,,2001244392042,33190,60297396,No
South Africa,Ba1,,351431649241,6001,58558270,No
Tanzania,B2,,63177068175,1122,58005463,Yes
Myanmar,No Rating,,76085852617,1408,54045420,Yes
Kenya,B2,,95503088538,1817,52573973,Yes
South Korea,Aa2,,1642383217167,31762,51709098,No
Colombia,Baa2,,323802808108,6432,50339443,No
Spain,Baa1,,1394116310769,29614,47076781,No
Argentina,Ca,,449663446954,10006,44938712,No
Ukraine,B3,,153781069118,3659,44385155,No
Uganda,B2,,34387229486,777,44269594,Yes
Algeria,No Rating,,169988236398,3948,43053054,No
Sudan,No Rating,,18902284476,442,42813238,Yes
Iraq,Caa1,,234094042939,5955,39309783,No
Afghanistan,No Rating,,19101353833,502,38041754,Yes
Poland,A2,,592164400688,15595,37970874,No
Canada,Aaa,,1736425629520,46195,37589262,No
Morocco,Ba1,,118725279596,3204,36471769,No
Saudi Arabia,A1,,792966838162,23140,34268528,No
Uzbekistan,B1,,57921286440,1725,33580650,Yes
Peru,A3,,226848050820,6978,32510453,No
Malaysia,A3,,364701517788,11415,31949777,No
Angola,Caa1,,94635415870,2974,31825295,No
Ghana,B3,,66983634224,2202,30417856,Yes
Mozambique,Caa2,,14934159926,492,30366036,Yes
Yemen,No Rating,,,,29161922,Yes
Nepal,No Rating,,30641380604,1071,28608710,Yes
Venezuela,RB,C,,,,28515829,No
Madagascar,No Rating,,14083906357,522,26969307,Yes
Cameroon,B2,,38760467033,1498,25876380,Yes
Ivory Coast,No Rating,,58792205642,2286,25716544,Yes
North Korea,No Rating,,,,25666161,No
Australia,Aaa,,1392680589329,54907,25364307,No
Niger,B3,,12928145120,555,23310715,Yes
Sri Lanka,Caa1,,84008783756,3853,21803000,No
Burkina Faso,No Rating,,15745810235,775,20321378,Yes
Mali,Caa1,,17510141171,891,19658031,Yes
Romania,Baa3,,250077444017,12920,19356544,No
Chile,A1,,282318159745,14896,18952038,No
Malawi,No Rating,,7666704427,412,18628747,Yes
Kazakhstan,Baa3,,180161741180,9731,18513930,No
Zambia,Ca,,23064722446,1291,17861030,Yes
Ecuador,Caa3,,107435665000,6184,17373662,No
Netherlands,Aaa,,909070395161,52448,17332850,No
Syrian Arab Republic,No Rating,,,,17070135,Yes
Guatemala,Ba1,,76710385880,4620,16604026,No
Cambodia,B2,,27089389787,1643,16486542,Yes
Senegal,Ba3,,23578084052,1447,16296364,Yes
Chad,No Rating,,11314951343,710,15946876,Yes
Somalia,No Rating,,,,15442905,Yes
Zimbabwe,No Rating,,21440758800,1464,14645468,Yes
Guinea,No Rating,,13590281809,1064,12771246,Yes
Rwanda,B2,,10122472590,802,12626950,Yes
Benin,B2,,14390709095,1219,11801151,Yes
Tunisia,B2,,38797709924,3318,11694719,No
Burundi,No Rating,,3012334882,261,11530580,Yes
Bolivia,B2,,40895322865,3552,11513100,No
Belgium,Aa3,,529606710418,46117,11484055,No
Cuba,Caa2,,,,11333483,No
Haiti,No Rating,,8498981821,755,11263077,Yes
South Sudan,No Rating,,,,11062113,Yes
Dominican Republic,Ba3,,88941298258,8282,10738958,No
Greece,B1,,209852761469,19583,10716322,No
Czech Republic,Aa3,,246489245495,23102,10669709,No
Sweden,Aaa,,530832908738,51610,10285453,No
Portugal,Baa3,,237686075635,23145,10269417,No
Jordan,B1,,43743661972,4330,10101694,No
Azerbaijan,Ba2,,48047647059,4794,10023318,No
United Arab Emirates,Aa2,,421142267938,43103,9770529,No
Hungary,Baa3,,160967157504,16476,9769949,No
Honduras,B1,,25095395475,2575,9746117,Yes
Belarus,B3,,63080457023,6663,9466856,No
Tajikistan,B3,,8116626794,871,9321018,Yes
Israel,A1,,395098666122,43641,9053300,No
Austria,Aa1,,446314739528,50277,8877067,No
Papua New Guinea,B2,,24969611435,2845,8776109,Yes
Switzerland,Aaa,,703082435360,81994,8574832,No
Togo,B3,,5459979417,676,8082366,Yes
Sierra Leone,No Rating,,3941474311,504,7813215,Yes
Hong Kong,Aa3,,366029556273,48756,7507400,No
Laos,Caa2,,18173839128,2535,7169455,Yes
Paraguay,Ba1,,38145288940,5415,7044636,No
Bulgaria,Baa2,,67927179737,9738,6975761,No
Serbia,Ba3,,51409167351,7402,6944975,No
Lebanon,C,,53367042272,7784,6855713,No
Libya,No Rating,,52076250948,7684,6777452,No
Nicaragua,B3,,12520915291,1913,6545502,Yes
Kyrgyz Republic,B2,,8454619608,1309,6456900,Yes
El Salvador,B3,,27022640000,4187,6453553,No
Turkmenistan,No Rating,,,,5942089,No
Denmark,Aaa,,348078018464,59822,5818553,No
Singapore,Aaa,,372062527489,65233,5703569,No
Finland,Aa1,,268761201365,48686,5520314,No
Slovak Republic,A2,,105422304976,19329,5454073,No
DRC,Caa1,,10820591131,2011,5380508,Yes
Norway,Aaa,,403336363636,75420,5347896,No
Costa Rica,B2,,61773944174,12238,5047561,No
Oman,Ba3,,76983094928,15474,4974986,No
Ireland,A2,,388698711348,78661,4941444,No
Liberia,No Rating,,3070518100,622,4937374,Yes
New Zealand,Aaa,,206928765544,42084,4917000,No
Central African Republic,No Rating,,2220307369,468,4745185,Yes
West Bank and Gaza,No Rating,,,,4685306,No
Mauritania,No Rating,,7593752450,1678,4525696,Yes
Panama,Baa1,,66800800000,15731,4246439,No
Kuwait,A1,,134761198946,32032,4207083,No
Croatia,Ba2,,60415553039,14853,4067500,No
Georgia,Ba2,,17743195770,4769,3720382,No
Eritrea,No Rating,,,,3497117,Yes
Uruguay,Baa2,,56045912952,16190,3461734,No
Bosnia and Herzegovina,B3,,20047848435,6073,3301000,No
Mongolia,B3,,13852850259,4295,3225167,No
Puerto Rico,No Rating,,104988600000,32874,3193694,No
Armenia,Ba3,,13672802158,4623,2957731,No
Jamaica,B2,,16458071068,5582,2948279,No
Albania,B1,,15278077447,5353,2854191,No
Qatar,Aa3,,183466208791,64782,2832067,No
Lithuania,A3,,54219315600,19455,2786844,No
Moldova,B3,,11955435457,4499,2657637,No
Namibia,Ba2,,12366527719,4957,2494530,No
Gambia,No Rating,,1763819048,751,2347706,Yes
Botswana,A2,,18340510789,7961,2303697,No
Gabon,Caa1,,16657960228,7667,2172579,No
Lesotho,No Rating,,2460072444,1158,2125268,Yes
Slovenia,A3,,53742159517,25739,2087946,No
North Macedonia,No Rating,,12694823394,6093,2083459,No
Guinea-Bissau,No Rating,,1340389411,698,1920922,Yes
Latvia,A3,,34117202555,17836,1912789,No
Kosovo,No Rating,,7926108374,4418,1794248,Yes
Bahrain,B2,,38574069149,23504,1641172,No
Trinidad and Tobago,Ba1,,24100202834,17276,1394973,No
Equatorial Guinea,No Rating,,11026774945,8132,1355986,No
Estonia,A1,,31386949981,23660,1326590,No
Timor-Leste,No Rating,,1673540300,1294,1293119,Yes
Mauritius,Baa1,,14180444557,11204,1265711,No
Cyprus,Ba2,,24564647935,27858,1198575,No
Eswatini,B3,,4405405802,3837,1148130,No
Djibouti,No Rating,,3318716359,3409,973560,Yes
Fiji,Ba3,,5535548972,6220,889953,Yes
Comoros,No Rating,,1185728677,1394,850886,Yes
Guyana,No Rating,,4280443645,5468,782766,Yes
Bhutan,No Rating,,,,763092,Yes
Solomon Islands,B3,,1425074226,2128,669823,Yes
Macao SAR,China,No Rating,,53859116536,84096,640445,No
Montenegro,B1,,5494736901,8832,622137,No
Luxembourg,Aaa,,71104919108,114705,619896,No
Suriname,Caa3,,3985250737,6855,581372,No
Cabo Verde,No Rating,,1981845741,3604,549935,Yes
Maldives,B3,,5729248472,10791,530953,Yes
Malta,A2,,14786156563,29416,502653,No
Brunei Darussalam,No Rating,,13469422941,31087,433285,No
Belize,Caa1,,1879613600,4815,390353,No
Bahamas,The,No Rating,,12827000000,32933,389482,No
Iceland,A2,,24188035739,66945,361313,No
Vanuatu,No Rating,,917058851,3058,299882,Yes
New Caledonia,No Rating,,,,287800,No
Barbados,Caa1,,5209000000,18148,287025,No
French Polynesia,No Rating,,,,279287,No
Sao Tome and Principe,No Rating,,429016605,1995,215056,Yes
Samoa,No Rating,,850655017,4316,197097,Yes
St. Lucia,No Rating,,2122450630,11611,182790,No
Channel Islands,No Rating,,,,172259,No
Guam,No Rating,,,,167294,No
Curacao,No Rating,,,,157538,No
Kiribati,No Rating,,194647202,1655,117606,Yes
Micronesia,No Rating,,,,113815,Yes
Grenada,No Rating,,1228170370,10966,112003,Yes
St. Vincent and the Grenadines,No Rating,,825385185,7464,110589,No
Virgin Islands (U.S.),No Rating,,,,106631,No
Aruba,No Rating,,,,106314,No
Tonga,No Rating,,,,104494,Yes
Seychelles,No Rating,,1698843063,17402,97625,No
Antigua and Barbuda,No Rating,,1727759259,17790,97118,No
Isle of Man,Aa2,,,,84584,No
Andorra,No Rating,,3154057987,40886,77142,No
Dominica,No Rating,,596033333,8300,71808,Yes
Cayman Islands,Aa3,,,,64948,No
Bermuda,A2,,,,63918,No
Marshall Islands,No Rating,,,,58791,Yes
Northern Mariana Islands,No Rating,,,,57216,No
Greenland,No Rating,,,,56225,No
American Samoa,No Rating,,,,55312,No
St. Kitts and Nevis,No Rating,,1050992593,19896,52823,No
Faroe Islands,No Rating,,,,48678,No
Sint Maarten (Dutch part),No Rating,,,,40733,No
Monaco,No Rating,,,,38964,No
Turks and Caicos Islands,No Rating,,,,38191,No
Liechtenstein,No Rating,,,,38019,No
St Martin (French part),No Rating,,,,38002,No
San Marino,No Rating,,,,33860,No
Gibraltar,No Rating,,,,33701,No
British Virgin Islands,No Rating,,,,30030,No
Palau,No Rating,,,,18008,No
Nauru,No Rating,,118223430,9397,12581,No
Tuvalu,No Rating,,47271463,4059,11646,Yes
