ID_INNPACT;REPAYMENT_DATE;AMOUNT_VALUE_LOCAL_CCY;XR;USD_calcualted_base_in_local_CCY;Prov_in_USD;LOCAL_CCY;NOVAL;Disbursement_date;Country;Link_to_open_TT;Country_code;MFI_NAME;Original_amount_LCY;Received_amount_LCY;Payment_Status;Provision_LCY;%_prov
4183335;03-01-23;8087500;6.460874;1251765.628;0;CNH;1316;44379;China;Huimin;CHN;Huimin;8087500;0;Pending;0;0
4183335;03-07-23;24262500;6.460874;3755296.884;0;CNH;1316;44379;China;Huimin;CHN;Huimin;24262500;0;Pending;0;0
4183357;17-08-23;54725000;107.899992;507182.6141;0;KES;1354;44425;Kenya;ASA Kenya;KEN;ASA Kenya;54725000;0;Pending;0;0
4183357;19-08-24;54725000;107.899992;507182.6141;0;KES;1354;44425;Kenya;ASA Kenya;KEN;ASA Kenya;54725000;0;Pending;0;0
4183388;08-07-22;395000000;410.000084;963414.4368;0;NGN;1397;44385;Nigeria;Advans Nig;NGA;Advans Nigeria (formerly La Fayette);395000000;0;Pending;0;0
4183394;30-01-23;200000000;410.000084;487804.7781;0;NGN;1404;44407;Nigeria;Addosser;NGA;Addosser;200000000;0;Pending;0;0
4183394;30-07-23;200000000;410.000084;487804.7781;0;NGN;1404;44407;Nigeria;Addosser;NGA;Addosser;200000000;0;Pending;0;0
43863;27-07-24;1214299650;804.875748;1.508679635;0;MWK;1405;44404;Malawi;Finca Mala;MWI;Finca Malawi;1214299650;0;Pending;0;0
4183397;07-07-23;422654.26;0.84324142;501225.6869;0;EUR;1407;44384;Georgia;JSC Libert;GEO;JSC Liberty Bank;422654.26;0;Pending;0;0
4183397;08-01-24;422654.27;0.84324142;501225.6988;0;EUR;1407;44384;Georgia;JSC Libert;GEO;JSC Liberty Bank;422654.27;0;Pending;0;0
4183397;08-07-24;422654.27;0.84324142;501225.6988;0;EUR;1407;44384;Georgia;JSC Libert;GEO;JSC Liberty Bank;422654.27;0;Pending;0;0
4183397;07-01-25;422654.27;0.84324142;501225.6988;0;EUR;1407;44384;Georgia;JSC Libert;GEO;JSC Liberty Bank;422654.27;0;Pending;0;0
4183397;31-01-25;422654.27;0.84324142;501225.6988;0;EUR;1407;44384;Georgia;JSC Libert;GEO;JSC Liberty Bank;422654.27;0;Pending;0;0
4183412;12-07-24;370000000;74.330003;4977801.494;0;INR;1439;44389;India;Annapurna ;IND;Annapurna Microfinance Private Limited;370000000;0;Pending;0;0
4183413;20-08-24;220000000;74.330003;2959773.861;0;INR;1442;44428;India;Light Micr;IND;Light Microfinance Private Limited;220000000;0;Pending;0;0
4183418;24-07-23;1000000;1;1000000;0;USD;1450;44399;Costa Rica;Banco Impr;CRI;Banco Improsa;1000000;0;Pending;0;0
4183418;22-01-24;1000000;1;1000000;0;USD;1450;44399;Costa Rica;Banco Impr;CRI;Banco Improsa;1000000;0;Pending;0;0
4183418;22-07-24;2000000;1;2000000;0;USD;1450;44399;Costa Rica;Banco Impr;CRI;Banco Improsa;2000000;0;Pending;0;0
4183420;30-01-24;3750000;1;3750000;0;USD;1453;44407;Botswana;Letshego B;BWA;Letshego Botswana;3750000;0;Pending;0;0
4183420;30-01-25;3750000;1;3750000;0;USD;1453;44407;Botswana;Letshego B;BWA;Letshego Botswana;3750000;0;Pending;0;0
4183422;31-12-21;333333.33;1;333333.33;0;USD;1456;44384;Palestine;FATEN;PAL;FATEN;333333.33;0;Pending;0;0
4183422;30-06-22;333333.33;1;333333.33;0;USD;1456;44384;Palestine;FATEN;PAL;FATEN;333333.33;0;Pending;0;0
4183422;03-01-23;333333.33;1;333333.33;0;USD;1456;44384;Palestine;FATEN;PAL;FATEN;333333.33;0;Pending;0;0
4183422;30-06-23;333333.33;1;333333.33;0;USD;1456;44384;Palestine;FATEN;PAL;FATEN;333333.33;0;Pending;0;0
4183422;02-01-24;333333.33;1;333333.33;0;USD;1456;44384;Palestine;FATEN;PAL;FATEN;333333.33;0;Pending;0;0
4183422;01-07-24;333333.35;1;333333.35;0;USD;1456;44384;Palestine;FATEN;PAL;FATEN;333333.35;0;Pending;0;0
4183431;25-12-24;5000000;1;5000000;0;USD;1476;44378;Sri Lanka;Seylan Ban;LKA;Seylan Bank;5000000;0;Pending;0;0
4183924;27-08-24;365000000;74.330003;4910533.906;0;INR;1478;44435;India;Asirvad Mi;IND;Asirvad Microfinance Pvt Ltd;365000000;0;Pending;0;0
4183924;27-02-25;365000000;74.330003;4910533.906;0;INR;1478;44435;India;Asirvad Mi;IND;Asirvad Microfinance Pvt Ltd;365000000;0;Pending;0;0
4183457;22-07-24;4000000;1;4000000;0;USD;1515;44398;Cambodia;Prasac Mic;KHM;Prasac Microfinance Institution ltd;4000000;0;Pending;0;0
4183966;28-02-23;375000;0.84324142;444712.5;0;EUR;1528;44183;Kosovo;Finca Koso;KOS;Finca Kosovo;375000;0;Pending;0;0
4184016;31-08-23;375000;0.84324142;444712.5;0;EUR;1528;44377;Kosovo;Finca Koso;KOS;Finca Kosovo;375000;0;Pending;0;0
4184016;29-02-24;375000;0.84324142;444712.5;0;EUR;1528;44377;Kosovo;Finca Koso;KOS;Finca Kosovo;375000;0;Pending;0;0
4184017;30-08-24;375000;0.84324142;444712.5;0;EUR;1528;44369;Kosovo;Finca Koso;KOS;Finca Kosovo;375000;0;Pending;0;0
4183474;21-10-21;1500000;1;1500000;0;USD;1535;44417;Cambodia;LOLC Cambo;KHM;LOLC Cambodia;1500000;0;Pending;0;0
42920;31-01-19;1250000;1;1250000;0;USD;134596;42766;Peru;Financiera;PER;Financiera TFC SA;1250000;1250000;Paid;0;0
42920;31-07-19;1250000;1;1250000;0;USD;134596;42766;Peru;Financiera;PER;Financiera TFC SA;1250000;1250000;Paid;0;0
42920;31-01-20;2500000;1;2500000;2500000;USD;134596;42766;Peru;Financiera;PER;Financiera TFC SA;2500000;0;Pending;2500000;1
42878;05-10-20;11375000;19.91049;571306.884;344475.2881;MXN;137418;42863;Mexico;Financiami;MEX;Financiamiento Progresemos S.A.;11375000;0;Pending;6858671.778;0.602960156
42878;06-04-21;11375000;19.91049;571306.884;344475.2881;MXN;137418;42863;Mexico;Financiami;MEX;Financiamiento Progresemos S.A.;11375000;0;Pending;6858671.778;0.602960156
4183701;23-08-21;3000000;1;3000000;0;USD;141390;42970;Armenia;ACBA Credi;ARM;ACBA Credit Agricole Bank CJSC;3000000;3000000;Paid;0;0
42616;20-10-18;1250000;1;1250000;0;USD;145298;43028;El Salvador;Banco Hipo;SLV;Banco Hipotecario;1250000;1250000;Paid;0;0
42616;20-10-19;1250000;1;1250000;0;USD;145298;43028;El Salvador;Banco Hipo;SLV;Banco Hipotecario;1250000;1250000;Paid;0;0
42616;20-10-20;1250000;1;1250000;0;USD;145298;43028;El Salvador;Banco Hipo;SLV;Banco Hipotecario;1250000;1250000;Paid;0;0
42616;20-10-21;1250000;1;1250000;0;USD;145298;43028;El Salvador;Banco Hipo;SLV;Banco Hipotecario;1250000;0;Pending;0;0
42879;08-11-19;47500000;19.91049;2385677.098;0;MXN;146231;43063;Mexico;Financiami;MEX;Financiamiento Progresemos S.A.;47500000;47500000;Paid;0;0
42879;08-11-20;47500000;19.91049;2385677.098;1438468.236;MXN;146231;43063;Mexico;Financiami;MEX;Financiamiento Progresemos S.A.;47500000;0;Pending;28640607.42;0.602960156
43025;23-11-18;2172420.601;1;2172420.601;0;USD;146259;43061;Nigeria;FORTIS Mic;NGA;FORTIS Microfinance Bank;2172420.601;2172420.601;Paid;0;0
43025;23-11-18;2827579.399;1;2827579.399;2827579.399;USD;146259;43061;Nigeria;FORTIS Mic;NGA;FORTIS Microfinance Bank;2827579.399;0;Pending;2827579.399;1
4183725;13-11-18;8660000.01;3.83249;2259627.555;0;PEN;146280;43052;Peru;Acceso Cre;PER;Acceso Crediticio;8660000.01;8660000.01;Paid;0;0
4183725;13-11-19;8660000.01;3.83249;2259627.555;0;PEN;146280;43052;Peru;Acceso Cre;PER;Acceso Crediticio;8660000.01;8660000.01;Paid;0;0
4183725;13-11-20;8659999.98;3.83249;2259627.548;0;PEN;146280;43052;Peru;Acceso Cre;PER;Acceso Crediticio;8659999.98;0;Unpaid;0;0
4183725;13-11-21;8659999.98;3.83249;2259627.548;519952.0224;PEN;146280;43052;Peru;Acceso Cre;PER;Acceso Crediticio;8659999.98;0;Pending;1992710.926;0.230105188
42584;20-12-18;2500000;1;2500000;0;USD;147153;43089;El Salvador;Banco Atla;SLV;Banco Atlantida;2500000;2500000;Paid;0;0
42584;20-12-19;2500000;1;2500000;0;USD;147153;43089;El Salvador;Banco Atla;SLV;Banco Atlantida;2500000;2500000;Paid;0;0
42584;20-12-20;2500000;1;2500000;0;USD;147153;43089;El Salvador;Banco Atla;SLV;Banco Atlantida;2500000;2500000;Paid;0;0
42584;20-12-21;2500000;1;2500000;0;USD;147153;43089;El Salvador;Banco Atla;SLV;Banco Atlantida;2500000;0;Pending;0;0
43538;24-12-18;11160000;19.91049;560508.556;0;MXN;147335;43091;Mexico;Siempre Cr;MEX;Siempre Creciendo S.A. de C.V.;11160000;11160000;Paid;0;0
43538;24-06-19;11160000;19.91049;560508.556;0;MXN;147335;43091;Mexico;Siempre Cr;MEX;Siempre Creciendo S.A. de C.V.;11160000;11160000;Paid;0;0
43538;23-12-19;11160000;19.91049;560508.556;0;MXN;147335;43091;Mexico;Siempre Cr;MEX;Siempre Creciendo S.A. de C.V.;11160000;11160000;Paid;0;0
43538;22-06-20;11160000;19.91049;560508.556;371155.9817;MXN;147335;43091;Mexico;Siempre Cr;MEX;Siempre Creciendo S.A. de C.V.;11160000;0;Pending;7389897.463;0.662177192
43538;22-12-20;11160000;19.91049;560508.556;371155.9817;MXN;147335;43091;Mexico;Siempre Cr;MEX;Siempre Creciendo S.A. de C.V.;11160000;0;Pending;7389897.463;0.662177192
42880;26-05-20;23462500;19.91049;1178398.924;710527.5996;MXN;151970;43195;Mexico;Financiami;MEX;Financiamiento Progresemos S.A.;23462500;0;Pending;14146952.67;0.602960156
42880;24-11-20;23462500;19.91049;1178398.924;710527.5996;MXN;151970;43195;Mexico;Financiami;MEX;Financiamiento Progresemos S.A.;23462500;0;Pending;14146952.67;0.602960156
4183763;21-10-21;37500000;32.059997;1169681.956;0;THB;152232;43202;Cambodia;Hattha Kak;KHM;Hattha Kaksekar;37500000;0;Pending;0;0
4183763;11-04-22;37500000;32.059997;1169681.956;0;THB;152232;43202;Cambodia;Hattha Kak;KHM;Hattha Kaksekar;37500000;0;Pending;0;0
4183763;09-04-20;37500000;32.059997;1169681.956;0;THB;152232;43202;Cambodia;Hattha Kak;KHM;Hattha Kaksekar;37500000;37500000;Paid;0;0
4183763;09-04-21;37500000;32.059997;1169681.956;0;THB;152232;43202;Cambodia;Hattha Kak;KHM;Hattha Kaksekar;37500000;37500000;Paid;0;0
44011;27-11-17;3161582.98;3.807024;830460.4804;0;PLN;154411;43251;Poland;Inicjatywa;POL;Inicjatywa Mikro;3161582.98;0;Unpaid;0;0
44011;13-12-17;3838417.02;3.807024;1008246.079;0;PLN;154411;43251;Poland;Inicjatywa;POL;Inicjatywa Mikro;3838417.02;0;Unpaid;0;0
4183770;31-12-21;3378417.02;3.807024;887416.7906;798993.3415;PLN;154411;43251;Poland;Inicjatywa;POL;Inicjatywa Mikro;3378417.02;0;Pending;3041786.827;0.900358603
4183770;31-12-22;460000;3.807024;120829.2882;108789.689;PLN;154411;43251;Poland;Inicjatywa;POL;Inicjatywa Mikro;460000;0;Pending;414164.9572;0.900358603
43383;17-07-20;660000;1;660000;0;USD;154640;43298;Costa Rica;Mutual Ala;CRI;Mutual Alajuela;660000;660000;Paid;0;0
43383;19-07-21;660000;1;660000;0;USD;154640;43298;Costa Rica;Mutual Ala;CRI;Mutual Alajuela;660000;660000;Paid;0;0
43383;18-07-22;680000;1;680000;0;USD;154640;43298;Costa Rica;Mutual Ala;CRI;Mutual Alajuela;680000;0;Pending;0;0
42583;26-08-19;1666600;1;1666600;0;USD;155834;43336;Ecuador;Banco Amaz;ECU;Banco Amazonas;1666600;1666600;Paid;0;0
42583;24-08-20;1666600;1;1666600;0;USD;155834;43336;Ecuador;Banco Amaz;ECU;Banco Amazonas;1666600;1666600;Paid;0;0
42583;24-08-21;1666800;1;1666800;0;USD;155834;43336;Ecuador;Banco Amaz;ECU;Banco Amazonas;1666800;1666800;Paid;0;0
4183774;10-07-19;1875000;1;1875000;0;USD;156181;43342;Togo;Ecobank To;TGO;Ecobank Togo;1875000;1875000;Paid;0;0
4183774;10-01-20;1875000;1;1875000;0;USD;156181;43342;Togo;Ecobank To;TGO;Ecobank Togo;1875000;1875000;Paid;0;0
4183774;10-07-20;1875000;1;1875000;0;USD;156181;43342;Togo;Ecobank To;TGO;Ecobank Togo;1875000;1875000;Paid;0;0
4183774;10-01-21;1875000;1;1875000;0;USD;156181;43342;Togo;Ecobank To;TGO;Ecobank Togo;1875000;1875000;Paid;0;0
4183774;10-07-21;1875000;1;1875000;0;USD;156181;43342;Togo;Ecobank To;TGO;Ecobank Togo;1875000;1875000;Paid;0;0
4183774;10-01-22;1875000;1;1875000;0;USD;156181;43342;Togo;Ecobank To;TGO;Ecobank Togo;1875000;0;Pending;0;0
4183774;10-07-22;1875000;1;1875000;0;USD;156181;43342;Togo;Ecobank To;TGO;Ecobank Togo;1875000;0;Pending;0;0
4183774;10-01-23;1875000;1;1875000;0;USD;156181;43342;Togo;Ecobank To;TGO;Ecobank Togo;1875000;0;Pending;0;0
4183825;09-08-21;99915000;32.059997;3116500.604;0;THB;156380;43320;Cambodia;Hattha Kak;KHM;Hattha Kaksekar;99915000;99915000;Paid;0;0
43540;05-02-19;9166666;19.91049;460393.7924;0;MXN;156381;43315;Mexico;Siempre Cr;MEX;Siempre Creciendo S.A. de C.V.;9166666;9166666;Paid;0;0
43540;05-08-19;9166666;19.91049;460393.7924;0;MXN;156381;43315;Mexico;Siempre Cr;MEX;Siempre Creciendo S.A. de C.V.;9166666;9166666;Paid;0;0
43540;04-02-20;9166667;19.91049;460393.8426;0;MXN;156381;43315;Mexico;Siempre Cr;MEX;Siempre Creciendo S.A. de C.V.;9166667;9166667;Paid;0;0
43540;03-08-20;9166667;19.91049;460393.8426;304862.3019;MXN;156381;43315;Mexico;Siempre Cr;MEX;Siempre Creciendo S.A. de C.V.;9166667;0;Pending;6069957.814;0.662177192
43540;03-02-21;9166667;19.91049;460393.8426;304862.3019;MXN;156381;43315;Mexico;Siempre Cr;MEX;Siempre Creciendo S.A. de C.V.;9166667;0;Pending;6069957.814;0.662177192
43540;03-08-21;9166667;19.91049;460393.8426;304862.3019;MXN;156381;43315;Mexico;Siempre Cr;MEX;Siempre Creciendo S.A. de C.V.;9166667;0;Pending;6069957.814;0.662177192
42671;04-09-19;1081300;5.889999;183582.3741;0;GHS;156399;43347;Ghana;Bayport Gh;GHA;Bayport Ghana;1081300;1081300;Paid;0;0
42671;04-03-20;1081300;5.889999;183582.3741;0;GHS;156399;43347;Ghana;Bayport Gh;GHA;Bayport Ghana;1081300;1081300;Paid;0;0
42671;04-09-20;1081300;5.889999;183582.3741;0;GHS;156399;43347;Ghana;Bayport Gh;GHA;Bayport Ghana;1081300;1081300;Paid;0;0
42671;04-03-21;1081300;5.889999;183582.3741;0;GHS;156399;43347;Ghana;Bayport Gh;GHA;Bayport Ghana;1081300;1081300;Paid;0;0
42671;07-09-21;1081300;5.889999;183582.3741;0;GHS;156399;43347;Ghana;Bayport Gh;GHA;Bayport Ghana;1081300;1081300;Paid;0;0
42671;04-03-22;1081300;5.889999;183582.3741;0;GHS;156399;43347;Ghana;Bayport Gh;GHA;Bayport Ghana;1081300;0;Pending;0;0
42671;06-09-22;1081300;5.889999;183582.3741;0;GHS;156399;43347;Ghana;Bayport Gh;GHA;Bayport Ghana;1081300;0;Pending;0;0
42671;07-03-23;1081300;5.889999;183582.3741;0;GHS;156399;43347;Ghana;Bayport Gh;GHA;Bayport Ghana;1081300;0;Pending;0;0
42671;05-09-23;1179600;5.889999;200271.6809;0;GHS;156399;43347;Ghana;Bayport Gh;GHA;Bayport Ghana;1179600;0;Pending;0;0
42567;20-08-19;119542500;427.245046;279798.4462;0;KZT;156617;43336;Kazakhstan;Asian Cred;KAZ;Asian Credit Fund;119542500;0;Unpaid;0;0
42567;20-08-20;119542500;427.245046;279798.4462;0;KZT;156617;43336;Kazakhstan;Asian Cred;KAZ;Asian Credit Fund;119542500;0;Unpaid;0;0
4183781;20-08-21;123165000;427.245046;288277.187;0;KZT;156617;43336;Kazakhstan;Asian Cred;KAZ;Asian Credit Fund;123165000;123165000;Paid;0;0
4183781;20-08-21;119542500;427.245046;279798.4462;0;KZT;156617;43336;Kazakhstan;Asian Cred;KAZ;Asian Credit Fund;119542500;119542500;Paid;0;0
4183781;01-10-21;59771250;427.245046;139899.2231;0;KZT;156617;43336;Kazakhstan;Asian Cred;KAZ;Asian Credit Fund;59771250;0;Pending;0;0
4183781;01-10-21;59771250;427.245046;139899.2231;0;KZT;156617;43336;Kazakhstan;Asian Cred;KAZ;Asian Credit Fund;59771250;0;Pending;0;0
43423;24-09-19;825000;1;825000;0;USD;156618;43367;Panama;Panacredit;PAN;Panacredit;825000;825000;Paid;0;0
43423;24-09-20;825000;1;825000;0;USD;156618;43367;Panama;Panacredit;PAN;Panacredit;825000;825000;Paid;0;0
43423;24-09-21;850000;1;850000;0;USD;156618;43367;Panama;Panacredit;PAN;Panacredit;850000;0;Pending;0;0
43421;29-08-19;825000;1;825000;0;USD;156619;43341;Panama;Panacredit;PAN;Panacredit;825000;825000;Paid;0;0
43421;31-08-20;825000;1;825000;0;USD;156619;43341;Panama;Panacredit;PAN;Panacredit;825000;825000;Paid;0;0
43421;30-08-21;850000;1;850000;0;USD;156619;43341;Panama;Panacredit;PAN;Panacredit;850000;850000;Paid;0;0
42849;17-09-19;27170000;19.91049;1364607.3;0;MXN;156664;43357;Mexico;Exitus Cap;MEX;Exitus Capital;27170000;27170000;Paid;0;0
42849;17-03-20;27170000;19.91049;1364607.3;0;MXN;156664;43357;Mexico;Exitus Cap;MEX;Exitus Capital;27170000;27170000;Paid;0;0
42849;14-09-20;27170000;19.91049;1364607.3;0;MXN;156664;43357;Mexico;Exitus Cap;MEX;Exitus Capital;27170000;27170000;Paid;0;0
42849;16-03-21;27170000;19.91049;1364607.3;0;MXN;156664;43357;Mexico;Exitus Cap;MEX;Exitus Capital;27170000;27170000;Paid;0;0
42849;14-09-21;27170000;19.91049;1364607.3;0;MXN;156664;43357;Mexico;Exitus Cap;MEX;Exitus Capital;27170000;0;Pending;0;0
42849;14-03-22;27170000;19.91049;1364607.3;0;MXN;156664;43357;Mexico;Exitus Cap;MEX;Exitus Capital;27170000;0;Pending;0;0
42849;14-09-22;26980000;19.91049;1355064.592;0;MXN;156664;43357;Mexico;Exitus Cap;MEX;Exitus Capital;26980000;0;Pending;0;0
42875;17-08-20;22800000;19.91049;1145125.007;690464.7532;MXN;157161;43328;Mexico;Financiami;MEX;Financiamiento Progresemos S.A.;22800000;0;Pending;13747491.56;0.602960156
42875;16-02-21;24700000;19.91049;1240552.091;748003.4826;MXN;157161;43328;Mexico;Financiami;MEX;Financiamiento Progresemos S.A.;24700000;0;Pending;14893115.86;0.602960156
42875;16-08-21;24700000;19.91049;1240552.091;748003.4826;MXN;157161;43328;Mexico;Financiami;MEX;Financiamiento Progresemos S.A.;24700000;0;Pending;14893115.86;0.602960156
4183866;28-09-19;5000000;1;5000000;0;usd;157210;43371;El Salvador;Banco Prom;SLV;Banco Promerica El Salvador;5000000;5000000;Paid;0;0
4183866;28-09-20;5000000;1;5000000;0;usd;157210;43371;El Salvador;Banco Prom;SLV;Banco Promerica El Salvador;5000000;5000000;Paid;0;0
4183866;28-09-20;5000000;1;5000000;0;usd;157210;43371;El Salvador;Banco Prom;SLV;Banco Promerica El Salvador;5000000;0;Pending;0;0
4183791;28-09-20;2500000;1;2500000;0;USD;157357;43375;Jordan;Finca Jord;JOR;Finca Jordan;2500000;0;Unpaid;0;0
4183791;06-07-21;1500000;1;1500000;0;USD;157357;43375;Jordan;Finca Jord;JOR;Finca Jordan;1500000;1500000;Paid;0;0
4183791;06-04-22;1000000;1;1000000;250000;USD;157357;43375;Jordan;Finca Jord;JOR;Finca Jordan;1000000;0;Pending;250000;0.25
4183792;09-02-21;49800000;32.059997;1553337.638;0;USD;157404;43321;Cambodia;LOLC Cambo;KHM;LOLC Cambodia;49800000;49800000;Paid;0;0
4183792;09-08-21;49800000;32.059997;1553337.638;0;USD;157404;43321;Cambodia;LOLC Cambo;KHM;LOLC Cambodia;49800000;49800000;Paid;0;0
43223;29-01-21;33367556.47;10.917067;3056457.973;0;BWP;157405;43312;Botswana;Letshego B;BWA;Letshego Botswana;33367556.47;33367556.47;Paid;0;0
43223;30-07-21;33367556.47;10.917067;3056457.973;0;BWP;157405;43312;Botswana;Letshego B;BWA;Letshego Botswana;33367556.47;33367556.47;Paid;0;0
43164;09-11-20;500000;0.84324142;592950;0;EUR;158729;43413;Albania;JSC Fondi ;ALB;JSC Fondi BESA Albania;500000;500000;Paid;0;0
43164;09-11-21;500000;0.84324142;592950;0;EUR;158729;43413;Albania;JSC Fondi ;ALB;JSC Fondi BESA Albania;500000;0;Pending;0;0
4183798;06-11-21;15000000;1;15000000;0;USD;158748;43410;Costa Rica;Banco Prom;CRI;Banco Promerica Costa Rica;15000000;0;Pending;0;0
43450;30-10-19;24847500;32.059997;775031.264;0;THB;159673;43403;Cambodia;Prasac Mic;KHM;Prasac Microfinance Institution ltd;24847500;24847500;Paid;0;0
43450;30-04-20;24847500;32.059997;775031.264;0;THB;159673;43403;Cambodia;Prasac Mic;KHM;Prasac Microfinance Institution ltd;24847500;24847500;Paid;0;0
43450;30-10-20;24847500;32.059997;775031.264;0;THB;159673;43403;Cambodia;Prasac Mic;KHM;Prasac Microfinance Institution ltd;24847500;24847500;Paid;0;0
43450;30-10-21;24847500;32.059997;775031.264;0;THB;159673;43403;Cambodia;Prasac Mic;KHM;Prasac Microfinance Institution ltd;24847500;0;Pending;0;0
4183800;05-11-22;5000000;1;5000000;0;USD;159750;43409;Costa Rica;Mucap;CRI;Mucap;5000000;0;Pending;0;0
4183801;26-11-19;4853120;23.865081;203356.5275;0;HNL;159751;43430;Honduras;IDH Hondur;HND;IDH Honduras;4853120;4853120;Paid;0;0
4183460;26-05-20;4853120;23.865081;203356.5275;0;HNL;159751;43430;Honduras;IDH Hondur;HND;IDH Honduras;4853120;0;Unpaid;0;0
4183460;27-11-20;4853120;23.865081;203356.5275;0;HNL;159751;43430;Honduras;IDH Hondur;HND;IDH Honduras;4853120;0;Unpaid;0;0
4183801;26-02-21;4853120;23.865081;203356.5275;0;HNL;159751;43430;Honduras;IDH Hondur;HND;IDH Honduras;4853120;4853120;Paid;0;0
4183801;26-05-21;4853120;23.865081;203356.5275;0;HNL;159751;43430;Honduras;IDH Hondur;HND;IDH Honduras;4853120;4853120;Paid;0;0
4183801;27-08-21;4853120;23.865081;203356.5275;0;HNL;159751;43430;Honduras;IDH Hondur;HND;IDH Honduras;4853120;4853120;Paid;0;0
4183801;26-11-21;4853120;23.865081;203356.5275;0;HNL;159751;43430;Honduras;IDH Hondur;HND;IDH Honduras;4853120;0;Pending;0;0
42912;07-05-19;7968000;19.91049;400191.0551;0;MXN;159909;43396;Mexico;FINANCIERA;MEX;FINANCIERA LABOR;7968000;7968000;Paid;0;0
42912;05-11-19;7968000;19.91049;400191.0551;0;MXN;159909;43396;Mexico;FINANCIERA;MEX;FINANCIERA LABOR;7968000;7968000;Paid;0;0
42912;05-05-20;7968000;19.91049;400191.0551;0;MXN;159909;43396;Mexico;FINANCIERA;MEX;FINANCIERA LABOR;7968000;7968000;Paid;0;0
42912;05-11-20;7968000;19.91049;400191.0551;0;MXN;159909;43396;Mexico;FINANCIERA;MEX;FINANCIERA LABOR;7968000;7968000;Paid;0;0
42912;05-05-21;7968000;19.91049;400191.0551;0;MXN;159909;43396;Mexico;FINANCIERA;MEX;FINANCIERA LABOR;7968000;7968000;Paid;0;0
42912;05-11-21;8160000;19.91049;409834.213;0;MXN;159909;43396;Mexico;FINANCIERA;MEX;FINANCIERA LABOR;8160000;0;Pending;0;0
4183805;12-10-21;34509500;6.461464;5340817.499;0;CNY ;159928;43384;China;Grassland;CHN;Grassland;34509500;0;Pending;0;0
4183806;07-12-21;102500000;74.330003;1378985.549;0;INR;159956;43441;India;Spandana;IND;Spandana;102500000;0;Pending;0;0
4183807;18-10-21;500000;1;500000;0;USD;160065;43391;Cambodia;LOLC Cambo;KHM;LOLC Cambodia;500000;0;Pending;0;0
4183809;15-06-20;4711450;11.305928;416723.8638;0;TJS;160218;43447;Tajikistan;IMON Inter;TJK;IMON International;4711450;4711450;Paid;0;0
4183809;13-12-21;4711450;11.305928;416723.8638;0;TJS;160218;43447;Tajikistan;IMON Inter;TJK;IMON International;4711450;0;Pending;0;0
43730;21-12-19;1250000;1;1250000;0;USD;160375;43455;El Salvador;Banco Atla;SLV;Banco Atlantida;1250000;1250000;Paid;0;0
43730;21-12-20;1250000;1;1250000;0;USD;160375;43455;El Salvador;Banco Atla;SLV;Banco Atlantida;1250000;1250000;Paid;0;0
43730;21-12-21;1250000;1;1250000;0;USD;160375;43455;El Salvador;Banco Atla;SLV;Banco Atlantida;1250000;0;Pending;0;0
43730;21-12-22;1250000;1;1250000;0;USD;160375;43455;El Salvador;Banco Atla;SLV;Banco Atlantida;1250000;0;Pending;0;0
43694;21-12-19;2400000;1;2400000;0;USD;160377;43455;Ecuador;Mutualista;ECU;Mutualista Pichincha;2400000;2400000;Paid;0;0
43694;21-12-20;2400000;1;2400000;0;USD;160377;43455;Ecuador;Mutualista;ECU;Mutualista Pichincha;2400000;2400000;Paid;0;0
43694;21-12-21;3200000;1;3200000;0;USD;160377;43455;Ecuador;Mutualista;ECU;Mutualista Pichincha;3200000;0;Pending;0;0
4183812;20-12-21;3000000;1;3000000;0;USD;160397;43454;Ecuador;Banco Proc;ECU;Banco Procredit Ecuador;3000000;0;Pending;0;0
43686;20-12-19;666600;1;666600;0;USD;160398;43454;Ecuador;COAC PJL;ECU;COAC PJL;666600;666600;Paid;0;0
43686;20-12-20;666600;1;666600;0;USD;160398;43454;Ecuador;COAC PJL;ECU;COAC PJL;666600;666600;Paid;0;0
43686;20-12-21;666800;1;666800;0;USD;160398;43454;Ecuador;COAC PJL;ECU;COAC PJL;666800;0;Pending;0;0
43690;19-12-19;1143857;1;1143857;1143857;USD;160417;43453;Lebanon;Vitas Leba;LBN;Vitas Lebanon;1143857;0;Pending;1143857;1
43690;19-12-20;1250000;1;1250000;1250000;USD;160417;43453;Lebanon;Vitas Leba;LBN;Vitas Lebanon;1250000;0;Pending;1250000;1
43690;31-07-21;106143;1;106143;0;USD;160417;43453;Lebanon;Vitas Leba;LBN;Vitas Lebanon;106143;106143;Paid;0;0
43690;19-12-21;1250000;1;1250000;1250000;USD;160417;43453;Lebanon;Vitas Leba;LBN;Vitas Lebanon;1250000;0;Pending;1250000;1
43690;19-12-22;1250000;1;1250000;1250000;USD;160417;43453;Lebanon;Vitas Leba;LBN;Vitas Lebanon;1250000;0;Pending;1250000;1
4183816;28-06-21;9845000;19.91049;494462.969;298141.4691;MXN;160528;43462;Mexico;Financiami;MEX;Financiamiento Progresemos S.A.;9845000;0;Pending;5936142.739;0.602960156
4183816;28-12-21;9845000;19.91049;494462.969;298141.4691;MXN;160528;43462;Mexico;Financiami;MEX;Financiamiento Progresemos S.A.;9845000;0;Pending;5936142.739;0.602960156
4183817;14-12-21;1500000;1;1500000;0;USD;160677;43448;Ecuador;Vision Fun;ECU;Vision Fund Ecuador;1500000;0;Pending;0;0
4183818;03-12-21;8150000;0.84324142;9665085;0;EUR;160699;43458;China;China Foun;CHN;China Foundation for Poverty Alleviation;8150000;0;Pending;0;0
4183820;18-01-22;10000000;1;10000000;0;USD;161059;43482;Botswana;BancABC Ho;BWA;BancABC Holding Botswana;10000000;0;Pending;0;0
43751;29-01-20;333300;1;333300;0;USD;161817;43494;Ecuador;COAC PJL;ECU;COAC PJL;333300;333300;Paid;0;0
43751;29-01-21;333300;1;333300;0;USD;161817;43494;Ecuador;COAC PJL;ECU;COAC PJL;333300;333300;Paid;0;0
43751;29-01-22;333400;1;333400;0;USD;161817;43494;Ecuador;COAC PJL;ECU;COAC PJL;333400;0;Pending;0;0
4183826;24-01-22;65380000;32.059997;2039301.501;0;THB;163383;43487;Cambodia;Hattha Kak;KHM;Hattha Kaksekar;65380000;0;Pending;0;0
43689;12-03-20;7454739.09;10.917067;682851.8218;0;BWP;163387;43536;Botswana;Bayport Bo;BWA;Bayport Botswana;7454739.09;7454739.09;Paid;0;0
43689;14-09-20;7454739.08;10.917067;682851.8209;0;BWP;163387;43536;Botswana;Bayport Bo;BWA;Bayport Botswana;7454739.08;7454739.08;Paid;0;0
43689;12-03-21;7454739.09;10.917067;682851.8218;0;BWP;163387;43536;Botswana;Bayport Bo;BWA;Bayport Botswana;7454739.09;7454739.09;Paid;0;0
43689;13-09-21;7454739.08;10.917067;682851.8209;0;BWP;163387;43536;Botswana;Bayport Bo;BWA;Bayport Botswana;7454739.08;0;Pending;0;0
43689;14-03-22;7454739.09;10.917067;682851.8218;0;BWP;163387;43536;Botswana;Bayport Bo;BWA;Bayport Botswana;7454739.09;0;Pending;0;0
43689;12-09-22;7987220.44;10.917067;731626.9507;0;BWP;163387;43536;Botswana;Bayport Bo;BWA;Bayport Botswana;7987220.44;0;Pending;0;0
43689;13-03-23;7987220.45;10.917067;731626.9516;0;BWP;163387;43536;Botswana;Bayport Bo;BWA;Bayport Botswana;7987220.45;0;Pending;0;0
4183829;14-03-20;375000;1;375000;0;USD;163390;43538;Ecuador;Insotec;ECU;Insotec;375000;375000;Paid;0;0
4183829;14-09-20;375000;1;375000;0;USD;163390;43538;Ecuador;Insotec;ECU;Insotec;375000;375000;Paid;0;0
4183829;14-03-21;375000;1;375000;0;USD;163390;43538;Ecuador;Insotec;ECU;Insotec;375000;375000;Paid;0;0
4183829;14-09-21;375000;1;375000;0;USD;163390;43538;Ecuador;Insotec;ECU;Insotec;375000;375000;Paid;0;0
4183830;15-02-23;525000000;74.330003;7063096.715;0;INR;163417;43511;India;NeoGrowth ;IND;NeoGrowth Pvt Ltd;525000000;0;Pending;0;0
4183831;25-03-22;210000000;74.330003;2825238.686;0;INR;163690;43544;India;Svasti;IND;Svasti;210000000;0;Pending;0;0
43399;23-12-20;1141839200;2319.000422;492384.214;295430.52;TZS;164565;43453;Tanzania;Zola (ex. ;TZA;Zola (ex. Off-Grid Electric);1141839200;0;Pending;685103500.5;0.599999983
43399;24-06-21;1141839200;2319.000422;492384.214;295430.52;TZS;164565;43453;Tanzania;Zola (ex. ;TZA;Zola (ex. Off-Grid Electric);1141839200;0;Pending;685103500.5;0.599999983
43399;23-12-21;1141839200;2319.000422;492384.214;295430.52;TZS;164565;43453;Tanzania;Zola (ex. ;TZA;Zola (ex. Off-Grid Electric);1141839200;0;Pending;685103500.5;0.599999983
43399;24-06-22;1141839200;2319.000422;492384.214;295430.52;TZS;164565;43453;Tanzania;Zola (ex. ;TZA;Zola (ex. Off-Grid Electric);1141839200;0;Pending;685103500.5;0.599999983
43399;22-12-22;1141839200;2319.000422;492384.214;295430.52;TZS;164565;43453;Tanzania;Zola (ex. ;TZA;Zola (ex. Off-Grid Electric);1141839200;0;Pending;685103500.5;0.599999983
43838;25-04-21;666600;1;666600;0;USD;166626;43580;Cambodia;First Fina;KHM;First Finance Cambodia;666600;666600;Paid;0;0
43838;25-04-22;666600;1;666600;0;USD;166626;43580;Cambodia;First Fina;KHM;First Finance Cambodia;666600;0;Pending;0;0
43838;25-04-23;666800;1;666800;0;USD;166626;43580;Cambodia;First Fina;KHM;First Finance Cambodia;666800;0;Pending;0;0
43738;23-04-20;500000;1;500000;0;USD;166630;43578;Ecuador;COAC San A;ECU;COAC San Antonio;500000;500000;Paid;0;0
43738;23-04-21;500000;1;500000;0;USD;166630;43578;Ecuador;COAC San A;ECU;COAC San Antonio;500000;500000;Paid;0;0
43738;23-04-22;500000;1;500000;0;USD;166630;43578;Ecuador;COAC San A;ECU;COAC San Antonio;500000;0;Pending;0;0
43774;30-04-20;2333300;1;2333300;0;USD;166637;43581;Ecuador;CACPECO;ECU;CACPECO;2333300;2333300;Paid;0;0
43774;26-04-21;2333300;1;2333300;0;USD;166637;43581;Ecuador;CACPECO;ECU;CACPECO;2333300;2333300;Paid;0;0
43774;26-04-22;2333400;1;2333400;0;USD;166637;43581;Ecuador;CACPECO;ECU;CACPECO;2333400;0;Pending;0;0
4183837;15-05-22;4000000;1;4000000;0;USD;166638;43600;Ecuador;COAC Alian;ECU;COAC Alianza del Valle;4000000;0;Pending;0;0
43710;12-04-20;375000;1;375000;0;USD;168888;43567;Ecuador;Insotec;ECU;Insotec;375000;375000;Paid;0;0
43710;12-10-20;375000;1;375000;0;USD;168888;43567;Ecuador;Insotec;ECU;Insotec;375000;375000;Paid;0;0
43710;12-04-21;375000;1;375000;0;USD;168888;43567;Ecuador;Insotec;ECU;Insotec;375000;375000;Paid;0;0
43710;12-10-21;375000;1;375000;0;USD;168888;43567;Ecuador;Insotec;ECU;Insotec;375000;0;Pending;0;0
43717;10-05-20;375000;1;375000;0;USD;168889;43595;Ecuador;Insotec;ECU;Insotec;375000;375000;Paid;0;0
43717;10-11-20;375000;1;375000;0;USD;168889;43595;Ecuador;Insotec;ECU;Insotec;375000;375000;Paid;0;0
43717;10-05-21;375000;1;375000;0;USD;168889;43595;Ecuador;Insotec;ECU;Insotec;375000;375000;Paid;0;0
43717;10-11-21;375000;1;375000;0;USD;168889;43595;Ecuador;Insotec;ECU;Insotec;375000;0;Pending;0;0
4183843;22-05-20;582750;1;582750;0;USD;168891;43607;Ecuador;FACES;ECU;FACES;582750;582750;Paid;0;0
43846;22-05-21;582750;1;582750;0;USD;168891;43607;Ecuador;FACES;ECU;FACES;582750;0;Unpaid;0;0
4183843;25-05-21;582750;1;582750;0;USD;168891;43607;Ecuador;FACES;ECU;FACES;582750;582750;Paid;0;0
4183843;22-05-22;584500;1;584500;0;USD;168891;43607;Ecuador;FACES;ECU;FACES;584500;0;Pending;0;0
43821;05-05-20;333333.33;1;333333.33;0;USD;168892;43587;Kazakhstan;KMF;KAZ;KMF;333333.33;333333.33;Paid;0;0
43821;03-08-20;333333.33;1;333333.33;0;USD;168892;43587;Kazakhstan;KMF;KAZ;KMF;333333.33;333333.33;Paid;0;0
43821;02-11-20;333333.33;1;333333.33;0;USD;168892;43587;Kazakhstan;KMF;KAZ;KMF;333333.33;333333.33;Paid;0;0
43821;02-02-21;333333.33;1;333333.33;0;USD;168892;43587;Kazakhstan;KMF;KAZ;KMF;333333.33;333333.33;Paid;0;0
43821;04-05-21;333333.33;1;333333.33;0;USD;168892;43587;Kazakhstan;KMF;KAZ;KMF;333333.33;333333.33;Paid;0;0
43821;02-08-21;333333.33;1;333333.33;0;USD;168892;43587;Kazakhstan;KMF;KAZ;KMF;333333.33;333333.33;Paid;0;0
43821;02-11-21;333333.33;1;333333.33;0;USD;168892;43587;Kazakhstan;KMF;KAZ;KMF;333333.33;0;Pending;0;0
43821;02-02-22;333333.33;1;333333.33;0;USD;168892;43587;Kazakhstan;KMF;KAZ;KMF;333333.33;0;Pending;0;0
43821;03-05-22;333333.36;1;333333.36;0;USD;168892;43587;Kazakhstan;KMF;KAZ;KMF;333333.36;0;Pending;0;0
43810;23-04-21;63640000;32.059997;1985028.258;0;THB;168970;43578;Cambodia;Prasac Mic;KHM;Prasac Microfinance Institution ltd;63640000;63640000;Paid;0;0
43810;26-10-21;63640000;32.059997;1985028.258;0;THB;168970;43578;Cambodia;Prasac Mic;KHM;Prasac Microfinance Institution ltd;63640000;0;Pending;0;0
43810;25-04-22;127280000;32.059997;3970056.516;0;THB;168970;43578;Cambodia;Prasac Mic;KHM;Prasac Microfinance Institution ltd;127280000;0;Pending;0;0
42592;07-05-20;286000;1;286000;0;USD;168972;43592;Costa Rica;Banco Cath;CRI;Banco Cathay;286000;286000;Paid;0;0
42592;07-11-20;286000;1;286000;0;USD;168972;43592;Costa Rica;Banco Cath;CRI;Banco Cathay;286000;286000;Paid;0;0
42592;07-05-21;286000;1;286000;0;USD;168972;43592;Costa Rica;Banco Cath;CRI;Banco Cathay;286000;286000;Paid;0;0
42592;07-11-21;286000;1;286000;17875;USD;168972;43592;Costa Rica;Banco Cath;CRI;Banco Cathay;286000;0;Pending;17875;0.0625
42592;07-05-22;286000;1;286000;17875;USD;168972;43592;Costa Rica;Banco Cath;CRI;Banco Cathay;286000;0;Pending;17875;0.0625
42592;07-11-22;286000;1;286000;17875;USD;168972;43592;Costa Rica;Banco Cath;CRI;Banco Cathay;286000;0;Pending;17875;0.0625
42592;07-05-23;284000;1;284000;17750;USD;168972;43592;Costa Rica;Banco Cath;CRI;Banco Cathay;284000;0;Pending;17750;0.0625
4183850;08-11-21;40025000;32.059997;1248440.541;0;THB;169206;43592;Cambodia;Hattha Kak;KHM;Hattha Kaksekar;40025000;0;Pending;0;0
4183850;10-05-22;80050000;32.059997;2496881.082;0;THB;169206;43592;Cambodia;Hattha Kak;KHM;Hattha Kaksekar;80050000;0;Pending;0;0
4183850;07-05-21;40025000;32.059997;1248440.541;0;THB;169206;43592;Cambodia;Hattha Kak;KHM;Hattha Kaksekar;40025000;40025000;Paid;0;0
43676;06-06-21;1000000;1;1000000;0;USD;169256;43622;Ecuador;Finca Ecua;ECU;Finca Ecuador;1000000;1000000;Paid;0;0
43676;06-06-22;1000000;1;1000000;0;USD;169256;43622;Ecuador;Finca Ecua;ECU;Finca Ecuador;1000000;0;Pending;0;0
4183954;21-06-21;1000000;1;1000000;0;USD;169277;43636;Kyrgyz Republic;Salym Fina;KGZ;Salym Finance;1000000;1000000;Paid;0;0
43736;18-06-20;777700;0.84324142;922274.43;0;EUR;169371;43641;Tunisia;Tunisie Le;TUN;Tunisie Leasing;777700;777700;Paid;0;0
43736;18-12-20;777787.5;0.84324142;922378.1963;0;EUR;169371;43641;Tunisia;Tunisie Le;TUN;Tunisie Leasing;777787.5;777787.5;Paid;0;0
43736;18-06-21;778020.84;0.84324142;922654.9142;0;EUR;169371;43641;Tunisia;Tunisie Le;TUN;Tunisie Leasing;778020.84;778020.84;Paid;0;0
43736;20-12-21;777904.16;0.84324142;922516.5433;0;EUR;169371;43641;Tunisia;Tunisie Le;TUN;Tunisie Leasing;777904.16;0;Pending;0;0
43736;20-06-22;777717.5;0.84324142;922295.1833;0;EUR;169371;43641;Tunisia;Tunisie Le;TUN;Tunisie Leasing;777717.5;0;Pending;0;0
43736;20-12-22;777717.5;0.84324142;922295.1833;0;EUR;169371;43641;Tunisia;Tunisie Le;TUN;Tunisie Leasing;777717.5;0;Pending;0;0
43736;20-06-23;777639.73;0.84324142;922202.9558;0;EUR;169371;43641;Tunisia;Tunisie Le;TUN;Tunisie Leasing;777639.73;0;Pending;0;0
43736;20-12-23;777756.38;0.84324142;922341.291;0;EUR;169371;43641;Tunisia;Tunisie Le;TUN;Tunisie Leasing;777756.38;0;Pending;0;0
43736;21-06-24;777756.39;0.84324142;922341.3029;0;EUR;169371;43641;Tunisia;Tunisie Le;TUN;Tunisie Leasing;777756.39;0;Pending;0;0
4183854;27-12-21;2000000;1;2000000;2000000;USD;169372;43643;Lebanon;IBDAA Leba;LBN;IBDAA Lebanon;2000000;0;Pending;2000000;1
4183855;02-08-21;535000000;410.000084;1304877.781;0;NGN;173272;43677;Nigeria;ASHA Niger;NGA;ASHA Nigeria ( former ASIEA);535000000;535000000;Paid;0;0
4183855;01-02-21;535000000;410.000084;1304877.781;0;NGN;173272;43677;Nigeria;ASHA Niger;NGA;ASHA Nigeria ( former ASIEA);535000000;535000000;Paid;0;0
4183856;31-07-20;1666500;1;1666500;1666500;USD;173274;43677;Lebanon;Al Majmoua;LBN;Al Majmoua;1666500;0;Pending;1666500;1
4183856;31-07-21;1666500;1;1666500;1666500;USD;173274;43677;Lebanon;Al Majmoua;LBN;Al Majmoua;1666500;0;Pending;1666500;1
4183856;31-07-22;1667000;1;1667000;1667000;USD;173274;43677;Lebanon;Al Majmoua;LBN;Al Majmoua;1667000;0;Pending;1667000;1
43803;07-07-20;375000000;427.245046;877716.4382;0;KZT;173848;43651;Kazakhstan;Arnur Cred;KAZ;Arnur Credit Microcredit Organization;375000000;0;Unpaid;0;0
4183857;07-04-21;375000000;427.245046;877716.4382;0;KZT;173848;43651;Kazakhstan;Arnur Cred;KAZ;Arnur Credit Microcredit Organization;375000000;375000000;Paid;0;0
4183857;07-07-21;375000000;427.245046;877716.4382;0;KZT;173848;43651;Kazakhstan;Arnur Cred;KAZ;Arnur Credit Microcredit Organization;375000000;375000000;Paid;0;0
4183857;05-07-22;375000000;427.245046;877716.4382;0;KZT;173848;43651;Kazakhstan;Arnur Cred;KAZ;Arnur Credit Microcredit Organization;375000000;0;Pending;0;0
43816;20-08-20;18240740;22.635003;805864.2625;0;ZMW;173894;43697;Zambia;Bayport Za;ZMB;Bayport Zambia;18240740;18240740;Paid;0;0
43816;22-02-21;18240740;22.635003;805864.2625;0;ZMW;173894;43697;Zambia;Bayport Za;ZMB;Bayport Zambia;18240740;18240740;Paid;0;0
43816;20-08-21;18240740;22.635003;805864.2625;0;ZMW;173894;43697;Zambia;Bayport Za;ZMB;Bayport Zambia;18240740;18240740;Paid;0;0
43816;22-02-22;18240740;22.635003;805864.2625;0;ZMW;173894;43697;Zambia;Bayport Za;ZMB;Bayport Zambia;18240740;0;Pending;0;0
43816;22-08-22;18240740;22.635003;805864.2625;0;ZMW;173894;43697;Zambia;Bayport Za;ZMB;Bayport Zambia;18240740;0;Pending;0;0
43816;21-02-23;19543650;22.635003;863425.9956;0;ZMW;173894;43697;Zambia;Bayport Za;ZMB;Bayport Zambia;19543650;0;Pending;0;0
43816;21-08-23;19543650;22.635003;863425.9956;0;ZMW;173894;43697;Zambia;Bayport Za;ZMB;Bayport Zambia;19543650;0;Pending;0;0
43864;09-09-20;375000;1;375000;0;USD;173904;43717;Ecuador;Insotec;ECU;Insotec;375000;375000;Paid;0;0
43864;09-03-21;375000;1;375000;0;USD;173904;43717;Ecuador;Insotec;ECU;Insotec;375000;375000;Paid;0;0
43864;09-09-21;375000;1;375000;0;USD;173904;43717;Ecuador;Insotec;ECU;Insotec;375000;375000;Paid;0;0
43864;09-03-22;375000;1;375000;0;USD;173904;43717;Ecuador;Insotec;ECU;Insotec;375000;0;Pending;0;0
43852;13-03-20;4750000;19.91049;238567.7098;0;MXN;174176;43721;Mexico;FINANCIERA;MEX;FINANCIERA LABOR;4750000;4750000;Paid;0;0
43852;14-09-20;4750000;19.91049;238567.7098;0;MXN;174176;43721;Mexico;FINANCIERA;MEX;FINANCIERA LABOR;4750000;4750000;Paid;0;0
43852;16-03-21;4750000;19.91049;238567.7098;0;MXN;174176;43721;Mexico;FINANCIERA;MEX;FINANCIERA LABOR;4750000;4750000;Paid;0;0
43852;13-09-21;4750000;19.91049;238567.7098;0;MXN;174176;43721;Mexico;FINANCIERA;MEX;FINANCIERA LABOR;4750000;0;Pending;0;0
4183861;07-09-21;166667;0.84324142;197650.3953;0;EUR;174266;43714;Kosovo;Kreditimi ;KOS;Kreditimi Rural i Kosoves or KRK;166667;0;Pending;0;0
4183861;07-03-22;166667;0.84324142;197650.3953;0;EUR;174266;43714;Kosovo;Kreditimi ;KOS;Kreditimi Rural i Kosoves or KRK;166667;0;Pending;0;0
4183861;06-09-22;166666;0.84324142;197649.2094;0;EUR;174266;43714;Kosovo;Kreditimi ;KOS;Kreditimi Rural i Kosoves or KRK;166666;0;Pending;0;0
4183862;09-08-21;1000000;1;1000000;0;USD;174751;43686;Ecuador;COAC Maqui;ECU;COAC Maquita Cushunchic;1000000;1000000;Paid;0;0
4183863;22-07-21;5000000;1;5000000;0;USD;175341;43668;Ecuador;Banco Soli;ECU;Banco Solidario;5000000;5000000;Paid;0;0
4183863;24-01-22;8500000;1;8500000;0;USD;175341;43668;Ecuador;Banco Soli;ECU;Banco Solidario;8500000;0;Pending;0;0
4183864;22-07-22;3500000;1;3500000;0;USD;175458;43668;Ecuador;Banco Soli;ECU;Banco Solidario;3500000;0;Pending;0;0
4183865;15-10-22;5000000;1;5000000;0;usd;176948;43753;El Salvador;Banco Prom;SLV;Banco Promerica El Salvador;5000000;0;Pending;0;0
4183867;14-11-21;3000000;1;3000000;0;usd;177920;43783;Bolivia;DIACONIA;BOL;DIACONIA;3000000;0;Pending;0;0
4183868;04-12-20;765000;0.84324142;907213.5;0;EUR;178730;43803;Georgia;JSC Georgi;GEO;JSC Georgian Credit;765000;0;Unpaid;0;0
4183868;05-12-20;235000;0.84324142;278686.5;0;EUR;178730;43803;Georgia;JSC Georgi;GEO;JSC Georgian Credit;235000;235000;Paid;0;0
4183868;31-08-21;45000;0.84324142;53365.5;0;EUR;178730;43803;Georgia;JSC Georgi;GEO;JSC Georgian Credit;45000;45000;Paid;0;0
4183868;30-06-24;144000;0.84324142;170769.6;82429.19729;EUR;178730;43803;Georgia;JSC Georgi;GEO;JSC Georgian Credit;144000;0;Pending;69507.71337;0.482692454
4183868;30-09-24;158400;0.84324142;187846.56;90672.11702;EUR;178730;43803;Georgia;JSC Georgi;GEO;JSC Georgian Credit;158400;0;Pending;76458.48471;0.482692454
4183868;30-12-24;180000;0.84324142;213462;103036.4966;EUR;178730;43803;Georgia;JSC Georgi;GEO;JSC Georgian Credit;180000;0;Pending;86884.64171;0.482692454
4183868;30-03-25;237600;0.84324142;281769.84;136008.1755;EUR;178730;43803;Georgia;JSC Georgi;GEO;JSC Georgian Credit;237600;0;Pending;114687.7271;0.482692454
4183869;02-12-21;1000000;1;1000000;0;USD;178929;43801;Ecuador;COAC 4 de ;ECU;COAC 4 de Octubre;1000000;0;Pending;0;0
4183870;16-12-22;2000000;1;2000000;0;USD;180103;43815;Ecuador;COAC Alian;ECU;COAC Alianza del Valle;2000000;0;Pending;0;0
43825;23-06-21;500000;1;500000;0;USD;180215;43822;Moldova;ExpressLea;MDA;ExpressLeasing;500000;500000;Paid;0;0
43825;23-12-22;500000;1;500000;0;USD;180215;43822;Moldova;ExpressLea;MDA;ExpressLeasing;500000;0;Pending;0;0
4183873;14-11-21;47453850000;10591;4480582.57;0;UZS;180253;43782;Uzbekistan;Ipak Yuli;UZB;Ipak Yuli;47453850000;0;Pending;0;0
4183873;14-11-22;47453850000;10591;4480582.57;0;UZS;180253;43782;Uzbekistan;Ipak Yuli;UZB;Ipak Yuli;47453850000;0;Pending;0;0
4183874;15-11-21;31632740000;10591;2986756.68;0;UZS;180273;43784;Uzbekistan;Hamkorbank;UZB;Hamkorbank;31632740000;0;Pending;0;0
4183874;15-05-22;31637480000;10591;2987204.23;0;UZS;180273;43784;Uzbekistan;Hamkorbank;UZB;Hamkorbank;31637480000;0;Pending;0;0
4183874;15-11-22;31637480000;10591;2987204.23;0;UZS;180273;43784;Uzbekistan;Hamkorbank;UZB;Hamkorbank;31637480000;0;Pending;0;0
44015;21-06-21;180000000;410.000084;439024.3003;0;NGN;180277;43819;Nigeria;Addosser;NGA;Addosser;180000000;180000000;Paid;0;0
44015;20-12-21;180000000;410.000084;439024.3003;0;NGN;180277;43819;Nigeria;Addosser;NGA;Addosser;180000000;0;Pending;0;0
44008;24-06-21;364000000;410.000084;887804.6962;0;NGN;180286;43822;Nigeria;LAPO MICRO;NGA;LAPO MICROFINANCE BANK LIMITED;364000000;364000000;Paid;0;0
44008;23-12-21;364000000;410.000084;887804.6962;0;NGN;180286;43822;Nigeria;LAPO MICRO;NGA;LAPO MICROFINANCE BANK LIMITED;364000000;0;Pending;0;0
44008;23-06-22;364000000;410.000084;887804.6962;0;NGN;180286;43822;Nigeria;LAPO MICRO;NGA;LAPO MICROFINANCE BANK LIMITED;364000000;0;Pending;0;0
44008;23-12-22;364000000;410.000084;887804.6962;0;NGN;180286;43822;Nigeria;LAPO MICRO;NGA;LAPO MICROFINANCE BANK LIMITED;364000000;0;Pending;0;0
4183877;23-12-21;3000000;1;3000000;300000;USD;180287;43822;Myanmar;Keb Hana;MMR;Keb Hana;3000000;0;Pending;300000;0.1
43985;23-06-21;2000000;1;2000000;0;USD;180288;43822;Ecuador;Jardin Azu;ECU;Jardin Azuayo;2000000;2000000;Paid;0;0
43985;23-12-22;2000000;1;2000000;0;USD;180288;43822;Ecuador;Jardin Azu;ECU;Jardin Azuayo;2000000;0;Pending;0;0
44009;23-12-20;50450300;107.899992;467565.3729;0;KES;180289;43822;Kenya;Sumac;KEN;Sumac;50450300;50450300;Paid;0;0
44009;23-12-21;50450300;107.899992;467565.3729;0;KES;180289;43822;Kenya;Sumac;KEN;Sumac;50450300;0;Pending;0;0
43984;27-11-20;1357500000;2858.002024;474982.1689;0;MNT;180290;43796;Mongolia;BID;MNG;BID;1357500000;1357500000;Paid;0;0
43984;29-11-21;1357500000;2858.002024;474982.1689;0;MNT;180290;43796;Mongolia;BID;MNG;BID;1357500000;0;Pending;0;0
4183881;29-12-21;17825311.94;10.917067;1632793.125;0;BWP;180291;43826;Botswana;Letshego B;BWA;Letshego Botswana;17825311.94;0;Pending;0;0
4183815;28-06-21;19021740;10.917067;1742385.569;0;BWP;160527;43462;Botswana;Letshego B;BWA;Letshego Botswana;19021740;19021740;Paid;0;0
4183815;28-12-21;19021740;10.917067;1742385.569;0;BWP;160527;43462;Botswana;Letshego B;BWA;Letshego Botswana;19021740;0;Pending;0;0
4183881;27-06-22;17825311.95;10.917067;1632793.126;0;BWP;180291;43826;Botswana;Letshego B;BWA;Letshego Botswana;17825311.95;0;Pending;0;0
4183881;28-12-22;17825311.94;10.917067;1632793.125;0;BWP;180291;43826;Botswana;Letshego B;BWA;Letshego Botswana;17825311.94;0;Pending;0;0
44002;29-12-20;2083124;0.84324142;2470376.752;0;EUR;180767;43822;Ivory Coast;Coris CI;CIV;Coris CI;2083124;2083124;Paid;0;0
44002;28-12-21;2083438;0.84324142;2470749.124;0;EUR;180767;43822;Ivory Coast;Coris CI;CIV;Coris CI;2083438;0;Pending;0;0
44002;29-12-22;2083438;0.84324142;2470749.124;0;EUR;180767;43822;Ivory Coast;Coris CI;CIV;Coris CI;2083438;0;Pending;0;0
4183883;22-11-21;14030000;84.700902;165641.6835;0;KGS;180968;43790;Kyrgyz Republic;Elet Kapit;KGZ;Elet Kapital;14030000;0;Pending;0;0
4183951;20-11-20;14030000;84.700902;165641.6835;0;KGS;180968;43790;Kyrgyz Republic;Elet Kapit;KGZ;Elet Kapital;14030000;0;Unpaid;0;0
4183883;22-11-21;21045000;84.700902;248462.5252;0;KGS;180968;43790;Kyrgyz Republic;Elet Kapit;KGZ;Elet Kapital;21045000;0;Pending;0;0
4183883;21-11-22;35075000;84.700902;414104.2087;0;KGS;180968;43790;Kyrgyz Republic;Elet Kapit;KGZ;Elet Kapital;35075000;0;Pending;0;0
4183884;26-11-21;2000000;1;2000000;0;USD;181060;43795;Cambodia;LOLC Cambo;KHM;LOLC Cambodia;2000000;0;Pending;0;0
44010;24-06-21;331250;1;331250;0;USD;181317;43822;Paraguay;Vision Ban;PRY;Vision Banco S.A.E.C.A.;331250;331250;Paid;0;0
44010;23-12-21;331250;1;331250;0;USD;181317;43822;Paraguay;Vision Ban;PRY;Vision Banco S.A.E.C.A.;331250;0;Pending;0;0
44010;24-06-22;331250;1;331250;0;USD;181317;43822;Paraguay;Vision Ban;PRY;Vision Banco S.A.E.C.A.;331250;0;Pending;0;0
44010;23-12-22;331250;1;331250;0;USD;181317;43822;Paraguay;Vision Ban;PRY;Vision Banco S.A.E.C.A.;331250;0;Pending;0;0
4183886;21-02-22;750000;1;750000;0;USD;183594;43882;Ecuador;COAC Maqui;ECU;COAC Maquita Cushunchic;750000;0;Pending;0;0
4183887;21-02-22;3000000;1;3000000;0;USD;183596;43882;Paraguay;Credicentr;PRY;Credicentro;3000000;0;Pending;0;0
4183888;31-01-22;3500000;1;3500000;0;USD;183885;43861;Ecuador;COAC Coopr;ECU;COAC Cooprogreso;3500000;0;Pending;0;0
4183889;26-02-21;333300;1;333300;0;USD;183886;43887;Paraguay;Financiera;PRY;Financiera Solar;333300;333300;Paid;0;0
4183889;26-08-21;333300;1;333300;0;USD;183886;43887;Paraguay;Financiera;PRY;Financiera Solar;333300;333300;Paid;0;0
4183889;26-02-22;333400;1;333400;0;USD;183886;43887;Paraguay;Financiera;PRY;Financiera Solar;333400;0;Pending;0;0
4183890;28-02-22;10126900000;1616.5;6264707.702;626470.7702;MMK;183888;43888;Myanmar;LOLC Myanm;MMR;LOLC Myanmar;10126900000;0;Pending;1012690000;0.1
4183891;17-03-22;750000;1;750000;0;USD;184894;43907;Ecuador;COAC Maqui;ECU;COAC Maquita Cushunchic;750000;0;Pending;0;0
4183892;30-03-22;2000000;1;2000000;0;USD;185481;43920;Pakistan;ASA Pakist;PAK;ASA Pakistan;2000000;0;Pending;0;0
4183893;06-03-23;70818400;18.006324;3932973.771;0;MDL;185872;43894;Moldova;I.M. O.M.F;MDA;I.M. O.M.F. Microinvest S.R.L.;70818400;0;Pending;0;0
4183894;11-03-21;19790000;19.91049;993948.4161;0;MXN;185874;43901;Mexico;Financiera;MEX;Financiera Fortaleza, SA de CV, SOFOM ENR;19790000;19790000;Paid;0;0
4183894;13-09-21;19790000;19.91049;993948.4161;0;MXN;185874;43901;Mexico;Financiera;MEX;Financiera Fortaleza, SA de CV, SOFOM ENR;19790000;19790000;Paid;0;0
4183894;11-03-22;19790000;19.91049;993948.4161;0;MXN;185874;43901;Mexico;Financiera;MEX;Financiera Fortaleza, SA de CV, SOFOM ENR;19790000;0;Pending;0;0
4183894;12-09-22;19790000;19.91049;993948.4161;0;MXN;185874;43901;Mexico;Financiera;MEX;Financiera Fortaleza, SA de CV, SOFOM ENR;19790000;0;Pending;0;0
4183894;13-03-23;19790000;19.91049;993948.4161;0;MXN;185874;43901;Mexico;Financiera;MEX;Financiera Fortaleza, SA de CV, SOFOM ENR;19790000;0;Pending;0;0
4183895;12-03-21;300000;1;300000;0;USD;185875;43902;Ecuador;Insotec;ECU;Insotec;300000;300000;Paid;0;0
4183895;12-09-21;300000;1;300000;0;USD;185875;43902;Ecuador;Insotec;ECU;Insotec;300000;0;Pending;0;0
4183895;12-03-22;450000;1;450000;0;USD;185875;43902;Ecuador;Insotec;ECU;Insotec;450000;0;Pending;0;0
4183895;12-09-22;450000;1;450000;0;USD;185875;43902;Ecuador;Insotec;ECU;Insotec;450000;0;Pending;0;0
4183896;22-07-21;23878750000;14500.00042;1646810.297;0;IDR;185879;43852;Indonesia;MBK Ventur;IDN;MBK Ventura;23878750000;23878750000;Paid;0;0
4183896;24-01-22;23878750000;14500.00042;1646810.297;0;IDR;185879;43852;Indonesia;MBK Ventur;IDN;MBK Ventura;23878750000;0;Pending;0;0
4183896;22-07-22;23878750000;14500.00042;1646810.297;0;IDR;185879;43852;Indonesia;MBK Ventur;IDN;MBK Ventura;23878750000;0;Pending;0;0
4183896;23-01-23;23878750000;14500.00042;1646810.297;0;IDR;185879;43852;Indonesia;MBK Ventur;IDN;MBK Ventura;23878750000;0;Pending;0;0
4183897;08-08-22;724900000;1616.5;448437.9833;44843.79833;MMK;186057;43868;Myanmar;PACT Globa;MMR;PACT Global Microfinance Fund;724900000;0;Pending;72490000;0.1
4183897;07-02-23;1449800000;1616.5;896875.9666;89687.59666;MMK;186057;43868;Myanmar;PACT Globa;MMR;PACT Global Microfinance Fund;1449800000;0;Pending;144980000;0.1
4183897;07-08-23;2174700000;1616.5;1345313.95;134531.395;MMK;186057;43868;Myanmar;PACT Globa;MMR;PACT Global Microfinance Fund;2174700000;0;Pending;217470000;0.1
4183897;07-02-24;2899600000;1616.5;1793751.933;179375.1933;MMK;186057;43868;Myanmar;PACT Globa;MMR;PACT Global Microfinance Fund;2899600000;0;Pending;289960000;0.1
4183898;18-01-22;1200000;1;1200000;0;USD;186663;43847;Cambodia;Kredit Mic;KHM;Kredit Microfinance;1200000;0;Pending;0;0
4183898;17-01-23;1200000;1;1200000;0;USD;186663;43847;Cambodia;Kredit Mic;KHM;Kredit Microfinance;1200000;0;Pending;0;0
4183899;29-05-21;5000000;1;5000000;0;USD;189545;43980;Nicaragua;BANPRO;NIC;BANPRO;5000000;5000000;Paid;0;0
4183899;29-05-22;5000000;1;5000000;0;USD;189545;43980;Nicaragua;BANPRO;NIC;BANPRO;5000000;0;Pending;0;0
4183899;29-05-23;5000000;1;5000000;0;USD;189545;43980;Nicaragua;BANPRO;NIC;BANPRO;5000000;0;Pending;0;0
4183900;02-06-21;300000;1;300000;0;USD;189546;43984;Ecuador;Insotec;ECU;Insotec;300000;300000;Paid;0;0
4183900;02-12-21;300000;1;300000;0;USD;189546;43984;Ecuador;Insotec;ECU;Insotec;300000;0;Pending;0;0
4183900;02-06-22;450000;1;450000;0;USD;189546;43984;Ecuador;Insotec;ECU;Insotec;450000;0;Pending;0;0
4183900;02-12-22;450000;1;450000;0;USD;189546;43984;Ecuador;Insotec;ECU;Insotec;450000;0;Pending;0;0
4183901;31-05-22;14928000000;3734.000253;3997857.255;0;COP;190181;43980;Colombia;Crezcamos;COL;Crezcamos;14928000000;0;Pending;0;0
4183905;20-08-21;2500000;1;2500000;0;USD;190521;43971;Georgia;Credo;GEO;Credo;2500000;2500000;Paid;0;0
4183905;20-11-21;2500000;1;2500000;0;USD;190521;43971;Georgia;Credo;GEO;Credo;2500000;0;Pending;0;0
4183906;22-04-21;13130700000;3734.000253;3516523.597;0;COP;190614;43943;Colombia;Bayport Co;COL;Bayport Colombia S.A.S.;13130700000;13130700000;Paid;0;0
4183906;22-04-22;13130700000;3734.000253;3516523.597;0;COP;190614;43943;Colombia;Bayport Co;COL;Bayport Colombia S.A.S.;13130700000;0;Pending;0;0
4183906;24-04-23;13528600000;3734.000253;3623084.918;0;COP;190614;43943;Colombia;Bayport Co;COL;Bayport Colombia S.A.S.;13528600000;0;Pending;0;0
4183907;30-05-23;34900000;14.278733;2444194.453;0;ZAR;190615;43980;South Africa;SEF South ;ZAF;SEF South Africa;34900000;0;Pending;0;0
4183908;24-10-22;6750000;1;6750000;0;USD;190617;43945;Cambodia;Amret Co L;KHM;Amret Co Limited;6750000;0;Pending;0;0
4183908;24-04-23;3500000;1;3500000;0;USD;190617;43945;Cambodia;Amret Co L;KHM;Amret Co Limited;3500000;0;Pending;0;0
4183909;02-06-22;200000000;74.330003;2690703.51;0;INR;190657;44011;India;Pahal;IND;Pahal;200000000;0;Pending;0;0
4183911;24-12-21;550000;1;550000;0;USD;190664;44006;Paraguay;Vision Ban;PRY;Vision Banco S.A.E.C.A.;550000;0;Pending;0;0
4183911;04-06-22;550000;1;550000;0;USD;190664;44006;Paraguay;Vision Ban;PRY;Vision Banco S.A.E.C.A.;550000;0;Pending;0;0
4183911;24-02-23;550000;1;550000;0;USD;190664;44006;Paraguay;Vision Ban;PRY;Vision Banco S.A.E.C.A.;550000;0;Pending;0;0
4183911;24-06-23;550000;1;550000;0;USD;190664;44006;Paraguay;Vision Ban;PRY;Vision Banco S.A.E.C.A.;550000;0;Pending;0;0
4183912;02-06-22;200000000;74.330003;2690703.51;0;INR;190665;43993;India;Satya Micr;IND;Satya Microcapital;200000000;0;Pending;0;0
4183914;26-06-23;4174200000;1616.5;2582245.592;258224.5592;MMK;191048;44008;Myanmar;Early dawn;MMR;Early dawn;4174200000;0;Pending;417420000;0.1
4183915;29-06-22;248051000;74.330003;3337158.482;0;INR;191142;44011;India;Chaitanya ;IND;Chaitanya India Fin Credit Pvt Ltd;248051000;0;Pending;0;0
4183916;30-06-22;28496000000;14500.00042;1965241.322;0;IDR;191500;44012;Indonesia;Bina Artha;IDN;Bina Artha Ventura;28496000000;0;Pending;0;0
4183916;30-06-23;28496000000;14500.00042;1965241.322;0;IDR;191500;44012;Indonesia;Bina Artha;IDN;Bina Artha Ventura;28496000000;0;Pending;0;0
4183917;30-06-23;77300000;32.059997;2411104.405;0;THB;191501;44012;Cambodia;LOLC Cambo;KHM;LOLC Cambodia;77300000;0;Pending;0;0
4183918;11-07-22;500000;0.84324142;592950;0;EUR;192137;44022;Albania;JSC Fondi ;ALB;JSC Fondi BESA Albania;500000;0;Pending;0;0
4183918;11-07-23;500000;0.84324142;592950;0;EUR;192137;44022;Albania;JSC Fondi ;ALB;JSC Fondi BESA Albania;500000;0;Pending;0;0
4183919;20-02-22;2500000;1;2500000;0;USD;192149;43994;Georgia;Credo;GEO;Credo;2500000;0;Pending;0;0
4183919;20-05-22;2500000;1;2500000;0;USD;192149;43994;Georgia;Credo;GEO;Credo;2500000;0;Pending;0;0
4183920;01-08-22;1000000;0.84324142;1185900;0;EUR;192826;44043;Kosovo;AFK;KOS;AFK;1000000;0;Pending;0;0
4183920;31-07-23;1000000;0.84324142;1185900;0;EUR;192826;44043;Kosovo;AFK;KOS;AFK;1000000;0;Pending;0;0
4183921;14-08-23;10000000;1;10000000;0;USD;194461;44057;Georgia;TBC Leasin;GEO;TBC Leasing;10000000;0;Pending;0;0
4183922;14-08-23;4108800000;1616.5;2541787.813;254178.7813;MMK;194574;44056;Myanmar;PACT Globa;MMR;PACT Global Microfinance Fund;4108800000;0;Pending;410880000;0.1
4183923;31-08-22;2500000;1;2500000;0;USD;195006;44074;Georgia;Georgian L;GEO;Georgian Leasing;2500000;0;Pending;0;0
4183923;31-08-23;2500000;1;2500000;0;USD;195006;44074;Georgia;Georgian L;GEO;Georgian Leasing;2500000;0;Pending;0;0
4183925;20-08-21;1000000;1;1000000;0;USD;195012;44063;Myanmar;Alliance f;MMR;Alliance for Microfinance;1000000;0;Unpaid;0;0
4183925;20-05-22;1000000;1;1000000;150000;USD;195012;44063;Myanmar;Alliance f;MMR;Alliance for Microfinance;1000000;0;Pending;150000;0.15
4183925;22-02-22;500000;1;500000;75000;USD;195012;44063;Myanmar;Alliance f;MMR;Alliance for Microfinance;500000;0;Pending;75000;0.15
4183925;22-08-22;500000;1;500000;75000;USD;195012;44063;Myanmar;Alliance f;MMR;Alliance for Microfinance;500000;0;Pending;75000;0.15
4183926;23-09-23;3995200000;1616.5;2471512.527;247151.2527;MMK;195973;44097;Myanmar;Proximity ;MMR;Proximity Finance;3995200000;0;Pending;399520000;0.1
4183928;25-09-23;29047500000;3734.000253;7779190.689;0;COP;196166;44099;Colombia;Contactar;COL;Contactar;29047500000;0;Pending;0;0
4183930;31-07-22;260000000;74.330003;3497914.564;0;INR;196232;44043;India;Aye Financ;IND;Aye Finance;260000000;0;Pending;0;0
4183931;15-07-20;330000;0.84324142;391347;0;EUR;196234;44057;Kosovo;Finca Koso;KOS;Finca Kosovo;330000;0;Unpaid;0;0
4183931;15-01-21;330000;0.84324142;391347;0;EUR;196234;44057;Kosovo;Finca Koso;KOS;Finca Kosovo;330000;330000;Paid;0;0
4183931;15-07-21;340000;0.84324142;403206;0;EUR;196234;44057;Kosovo;Finca Koso;KOS;Finca Kosovo;340000;340000;Paid;0;0
4183931;15-07-21;330000;0.84324142;391347;0;EUR;196234;44057;Kosovo;Finca Koso;KOS;Finca Kosovo;330000;330000;Paid;0;0
4183932;02-10-23;2669952000;1616.5;1651686.978;165168.6978;MMK;196628;44106;Myanmar;Vision Fun;MMR;Vision Fund Myanmar;2669952000;0;Pending;266995200;0.1
4183933;07-08-20;320000000;74.330003;4305125.617;0;INR;196631;44052;India;Indian Sch;IND;Indian School Finance Company Pvt. Ltd.;320000000;0;Unpaid;0;0
4183933;12-02-21;80000000;74.330003;1076281.404;0;INR;196631;44052;India;Indian Sch;IND;Indian School Finance Company Pvt. Ltd.;80000000;80000000;Paid;0;0
4183933;15-11-21;13333333.33;74.330003;179380.234;104317.2335;INR;196631;44052;India;Indian Sch;IND;Indian School Finance Company Pvt. Ltd.;13333333.33;0;Pending;7753900.281;0.581542521
4183933;15-12-21;13333333.33;74.330003;179380.234;104317.2335;INR;196631;44052;India;Indian Sch;IND;Indian School Finance Company Pvt. Ltd.;13333333.33;0;Pending;7753900.281;0.581542521
4183933;14-01-22;13333333.33;74.330003;179380.234;104317.2335;INR;196631;44052;India;Indian Sch;IND;Indian School Finance Company Pvt. Ltd.;13333333.33;0;Pending;7753900.281;0.581542521
4183933;13-02-22;13333333.33;74.330003;179380.234;104317.2335;INR;196631;44052;India;Indian Sch;IND;Indian School Finance Company Pvt. Ltd.;13333333.33;0;Pending;7753900.281;0.581542521
4183933;15-03-22;13333333.33;74.330003;179380.234;104317.2335;INR;196631;44052;India;Indian Sch;IND;Indian School Finance Company Pvt. Ltd.;13333333.33;0;Pending;7753900.281;0.581542521
4183933;14-04-22;13333333.33;74.330003;179380.234;104317.2335;INR;196631;44052;India;Indian Sch;IND;Indian School Finance Company Pvt. Ltd.;13333333.33;0;Pending;7753900.281;0.581542521
4183933;14-05-22;13333333.33;74.330003;179380.234;104317.2335;INR;196631;44052;India;Indian Sch;IND;Indian School Finance Company Pvt. Ltd.;13333333.33;0;Pending;7753900.281;0.581542521
4183933;13-06-22;13333333.33;74.330003;179380.234;104317.2335;INR;196631;44052;India;Indian Sch;IND;Indian School Finance Company Pvt. Ltd.;13333333.33;0;Pending;7753900.281;0.581542521
4183933;13-07-22;13333333.33;74.330003;179380.234;104317.2335;INR;196631;44052;India;Indian Sch;IND;Indian School Finance Company Pvt. Ltd.;13333333.33;0;Pending;7753900.281;0.581542521
4183933;12-08-22;13333333.33;74.330003;179380.234;104317.2335;INR;196631;44052;India;Indian Sch;IND;Indian School Finance Company Pvt. Ltd.;13333333.33;0;Pending;7753900.281;0.581542521
4183933;11-09-22;13333333.33;74.330003;179380.234;104317.2335;INR;196631;44052;India;Indian Sch;IND;Indian School Finance Company Pvt. Ltd.;13333333.33;0;Pending;7753900.281;0.581542521
4183933;11-10-22;13333333.33;74.330003;179380.234;104317.2335;INR;196631;44052;India;Indian Sch;IND;Indian School Finance Company Pvt. Ltd.;13333333.33;0;Pending;7753900.281;0.581542521
4183933;10-11-22;13333333.33;74.330003;179380.234;104317.2335;INR;196631;44052;India;Indian Sch;IND;Indian School Finance Company Pvt. Ltd.;13333333.33;0;Pending;7753900.281;0.581542521
4183933;10-12-22;13333333.33;74.330003;179380.234;104317.2335;INR;196631;44052;India;Indian Sch;IND;Indian School Finance Company Pvt. Ltd.;13333333.33;0;Pending;7753900.281;0.581542521
4183933;09-01-23;13333333.33;74.330003;179380.234;104317.2335;INR;196631;44052;India;Indian Sch;IND;Indian School Finance Company Pvt. Ltd.;13333333.33;0;Pending;7753900.281;0.581542521
4183933;08-02-23;13333333.33;74.330003;179380.234;104317.2335;INR;196631;44052;India;Indian Sch;IND;Indian School Finance Company Pvt. Ltd.;13333333.33;0;Pending;7753900.281;0.581542521
4183933;10-03-23;13333333.33;74.330003;179380.234;104317.2335;INR;196631;44052;India;Indian Sch;IND;Indian School Finance Company Pvt. Ltd.;13333333.33;0;Pending;7753900.281;0.581542521
4183933;09-04-23;13333333.33;74.330003;179380.234;104317.2335;INR;196631;44052;India;Indian Sch;IND;Indian School Finance Company Pvt. Ltd.;13333333.33;0;Pending;7753900.281;0.581542521
4183934;15-04-22;500000;1;500000;0;USD;197190;44119;Bolivia;IDEPRO;BOL;IDEPRO;500000;0;Pending;0;0
4183934;15-10-22;500000;1;500000;0;USD;197190;44119;Bolivia;IDEPRO;BOL;IDEPRO;500000;0;Pending;0;0
4183937;18-08-22;11250000;1;11250000;0;USD;197204;44061;Bolivia;Banco FIE;BOL;Banco FIE;11250000;0;Pending;0;0
4183937;18-08-23;3750000;1;3750000;0;USD;197204;44061;Bolivia;Banco FIE;BOL;Banco FIE;3750000;0;Pending;0;0
4183938;16-09-21;250000;1;250000;0;USD;197205;44090;Georgia;Micro Busi;GEO;Micro Business Capital;250000;0;Pending;0;0
4183938;16-03-22;250000;1;250000;0;USD;197205;44090;Georgia;Micro Busi;GEO;Micro Business Capital;250000;0;Pending;0;0
4183939;08-09-21;750000;1;750000;0;USD;197206;44082;El Salvador;AMC de R.L;SLV;AMC de R.L. de C.V.;750000;0;Pending;0;0
4183939;08-09-22;750000;1;750000;0;USD;197206;44082;El Salvador;AMC de R.L;SLV;AMC de R.L. de C.V.;750000;0;Pending;0;0
4183940;03-10-23;10000000;1;10000000;0;USD;197207;44106;Turkey;Sekerbank;TUR;Sekerbank;10000000;0;Pending;0;0
4183949;28-10-23;5000000;1;5000000;0;USD;199988;44132;Sri Lanka;CLC;LKA;CLC;5000000;0;Pending;0;0
4183950;18-11-22;500000;0.84324142;592950;0;EUR;199997;44153;Bosnia and Herzegovina;MKF Mikra;BIH;MKF Mikra;500000;0;Pending;0;0
4183950;19-05-23;250000;0.84324142;296475;0;EUR;199997;44153;Bosnia and Herzegovina;MKF Mikra;BIH;MKF Mikra;250000;0;Pending;0;0
4183950;20-11-23;250000;0.84324142;296475;0;EUR;199997;44153;Bosnia and Herzegovina;MKF Mikra;BIH;MKF Mikra;250000;0;Pending;0;0
4183952;30-10-21;247500;1;247500;0;USD;200618;44134;Kyrgyz Republic;Salym Fina;KGZ;Salym Finance;247500;0;Pending;0;0
4183952;30-04-22;247500;1;247500;0;USD;200618;44134;Kyrgyz Republic;Salym Fina;KGZ;Salym Finance;247500;0;Pending;0;0
4183952;30-10-22;255000;1;255000;0;USD;200618;44134;Kyrgyz Republic;Salym Fina;KGZ;Salym Finance;255000;0;Pending;0;0
4183953;02-06-22;215000000;74.330003;2892506.274;0;INR;200862;44128;India;Vaya Finse;IND;Vaya Finserv;215000000;0;Pending;0;0
4183955;08-12-22;2500000;1;2500000;0;USD;201134;44173;Pakistan;Kashf Foun;PAK;Kashf Foundation;2500000;0;Pending;0;0
4183955;08-12-23;2500000;1;2500000;0;USD;201134;44173;Pakistan;Kashf Foun;PAK;Kashf Foundation;2500000;0;Pending;0;0
4183956;07-06-22;1000000;1;1000000;0;USD;201136;44169;Ecuador;Jardin Azu;ECU;Jardin Azuayo;1000000;0;Pending;0;0
4183956;04-12-23;1000000;1;1000000;0;USD;201136;44169;Ecuador;Jardin Azu;ECU;Jardin Azuayo;1000000;0;Pending;0;0
4183871;14-12-20;4847500;11.305928;428757.374;0;TJS;201460;44179;Tajikistan;Micro Cred;TJK;Micro Credit Organization Oxus Tajikistan;4847500;0;Unpaid;0;0
4183957;14-06-21;4847500;11.305928;428757.374;0;TJS;201460;44179;Tajikistan;Micro Cred;TJK;Micro Credit Organization Oxus Tajikistan;4847500;4847500;Paid;0;0
4183957;14-12-21;4847500;11.305928;428757.374;0;TJS;201460;44179;Tajikistan;Micro Cred;TJK;Micro Credit Organization Oxus Tajikistan;4847500;0;Pending;0;0
4183958;15-12-22;1000000;0.84324142;1185900;0;EUR;201667;44180;Albania;JSC Fondi ;ALB;JSC Fondi BESA Albania;1000000;0;Pending;0;0
4183958;15-12-22;1000000;0.84324142;1185900;0;EUR;201667;44180;Albania;JSC Fondi ;ALB;JSC Fondi BESA Albania;1000000;0;Pending;0;0
4183959;22-12-20;2000000;1;2000000;0;USD;201792;44187;Ecuador;Vision Fun;ECU;Vision Fund Ecuador;2000000;0;Unpaid;0;0
4183959;22-12-21;2000000;1;2000000;0;USD;201792;44187;Ecuador;Vision Fun;ECU;Vision Fund Ecuador;2000000;0;Pending;0;0
4183960;15-12-22;1666666;1;1666666;0;USD;202068;44180;Armenia;Araratbank;ARM;Araratbank;1666666;0;Pending;0;0
4183960;15-06-23;1666667;1;1666667;0;USD;202068;44180;Armenia;Araratbank;ARM;Araratbank;1666667;0;Pending;0;0
4183960;15-12-23;1666667;1;1666667;0;USD;202068;44180;Armenia;Araratbank;ARM;Araratbank;1666667;0;Pending;0;0
4183961;10-11-18;766666.06;1;766666.06;0;USD;202083;44135;Nicaragua;Financiera;NIC;Financiera FUNDESER;766666.06;766666.06;Paid;0;0
42910;10-11-18;2733333.94;1;2733333.94;0;USD;202083;44135;Nicaragua;Financiera;NIC;Financiera FUNDESER;2733333.94;0;Unpaid;0;0
4183961;01-07-19;166666.67;1;166666.67;0;USD;202083;44135;Nicaragua;Financiera;NIC;Financiera FUNDESER;166666.67;166666.67;Paid;0;0
4183961;03-11-20;612704.08;1;612704.08;0;USD;202083;44135;Nicaragua;Financiera;NIC;Financiera FUNDESER;612704.08;612704.08;Paid;0;0
4183961;13-03-22;542767.38;1;542767.38;183390.1749;USD;202083;44135;Nicaragua;Financiera;NIC;Financiera FUNDESER;542767.38;0;Pending;183390.1749;0.337879876
4183961;13-07-22;325660.43;1;325660.43;110034.1056;USD;202083;44135;Nicaragua;Financiera;NIC;Financiera FUNDESER;325660.43;0;Pending;110034.1056;0.337879876
4183961;02-01-23;542767.38;1;542767.38;183390.1749;USD;202083;44135;Nicaragua;Financiera;NIC;Financiera FUNDESER;542767.38;0;Pending;183390.1749;0.337879876
4183961;29-12-23;311911;1;311911;105388.4499;USD;202083;44135;Nicaragua;Financiera;NIC;Financiera FUNDESER;311911;0;Pending;105388.4499;0.337879876
4183961;10-01-24;230857;1;230857;78001.93449;USD;202083;44135;Nicaragua;Financiera;NIC;Financiera FUNDESER;230857;0;Pending;78001.93449;0.337879876
4183962;30-04-20;14000000;19.91049;703146.9341;0;MXN;202248;43769;Mexico;ITACA;MEX;ITACA;14000000;14000000;Paid;0;0
43851;30-10-20;14000000;19.91049;703146.9341;0;MXN;202248;43769;Mexico;ITACA;MEX;ITACA;14000000;0;Unpaid;0;0
43851;28-02-21;14000000;19.91049;703146.9341;0;MXN;202248;43769;Mexico;ITACA;MEX;ITACA;14000000;0;Unpaid;0;0
4183962;15-03-21;833333.3333;19.91049;41853.98417;0;MXN;202248;43769;Mexico;ITACA;MEX;ITACA;833333.3333;833333.3333;Paid;0;0
4183962;15-04-21;833333.3333;19.91049;41853.98417;0;MXN;202248;43769;Mexico;ITACA;MEX;ITACA;833333.3333;833333.3333;Paid;0;0
43851;30-04-21;14000000;19.91049;703146.9341;0;MXN;202248;43769;Mexico;ITACA;MEX;ITACA;14000000;0;Unpaid;0;0
4183962;15-05-21;833333.3333;19.91049;41853.98417;0;MXN;202248;43769;Mexico;ITACA;MEX;ITACA;833333.3333;833333.3333;Paid;0;0
4183962;31-08-21;14000000;19.91049;703146.9341;74026.74999;MXN;202248;43769;Mexico;ITACA;MEX;ITACA;14000000;0;Pending;1473908.865;0.105279205
43851;29-10-21;14000000;19.91049;703146.9341;0;MXN;202248;43769;Mexico;ITACA;MEX;ITACA;14000000;0;Unpaid;0;0
4183962;28-02-22;14000000;19.91049;703146.9341;74026.74999;MXN;202248;43769;Mexico;ITACA;MEX;ITACA;14000000;0;Pending;1473908.865;0.105279205
4183963;30-06-22;729000000;410.000084;1778048.416;0;NGN;202587;44196;Nigeria;LAPO MICRO;NGA;LAPO MICROFINANCE BANK LIMITED;729000000;0;Pending;0;0
4183963;03-01-23;729000000;410.000084;1778048.416;0;NGN;202587;44196;Nigeria;LAPO MICRO;NGA;LAPO MICROFINANCE BANK LIMITED;729000000;0;Pending;0;0
4183963;30-06-23;729000000;410.000084;1778048.416;0;NGN;202587;44196;Nigeria;LAPO MICRO;NGA;LAPO MICROFINANCE BANK LIMITED;729000000;0;Pending;0;0
4183963;02-01-24;729000000;410.000084;1778048.416;0;NGN;202587;44196;Nigeria;LAPO MICRO;NGA;LAPO MICROFINANCE BANK LIMITED;729000000;0;Pending;0;0
4183964;03-01-23;108769400;107.899992;1008057.535;0;KES;202610;44196;Kenya;ASA Kenya;KEN;ASA Kenya;108769400;0;Pending;0;0
4183849;14-08-20;330000;0.84324142;391347;0;EUR;202738;43691;Kosovo;Finca Koso;KOS;Finca Kosovo;330000;0;Unpaid;0;0
4183849;14-02-21;330000;0.84324142;391347;0;EUR;202738;43691;Kosovo;Finca Koso;KOS;Finca Kosovo;330000;330000;Paid;0;0
4183849;14-08-21;340000;0.84324142;403206;0;EUR;202738;43691;Kosovo;Finca Koso;KOS;Finca Kosovo;340000;340000;Paid;0;0
4183849;16-08-21;330000;0.84324142;391347;0;EUR;202738;43691;Kosovo;Finca Koso;KOS;Finca Kosovo;330000;330000;Paid;0;0
4183967;13-05-20;786156;1;786156;0;USD;202974;43964;Ecuador;Banco D-Mi;ECU;Banco D-Miro S.A.;786156;0;Unpaid;0;0
4183967;13-12-21;456402;1;456402;102800.7921;USD;202974;43964;Ecuador;Banco D-Mi;ECU;Banco D-Miro S.A.;456402;0;Pending;102800.7921;0.225241765
4183967;13-01-22;329754;1;329754;74274.37305;USD;202974;43964;Ecuador;Banco D-Mi;ECU;Banco D-Miro S.A.;329754;0;Pending;74274.37305;0.225241765
4183969;10-10-19;582750;1;582750;0;USD;203119;44117;Ecuador;FACES;ECU;FACES;582750;582750;Paid;0;0
43845;10-10-20;250000;1;582750;0;USD;203119;44117;Ecuador;FACES;ECU;FACES;250000;0;Unpaid;0;0
4183969;13-04-21;582750;1;582750;0;USD;203119;44117;Ecuador;FACES;ECU;FACES;582750;582750;Paid;0;0
4183969;10-10-21;582750;1;582750;0;USD;203119;44117;Ecuador;FACES;ECU;FACES;582750;0;Pending;0;0
4183970;23-12-22;500000;0.84324142;592950;0;EUR;203121;44188;Bosnia and Herzegovina;Microcredi;BIH;Microcredit Company EKI;500000;0;Pending;0;0
4183970;23-12-23;500000;0.84324142;592950;0;EUR;203121;44188;Bosnia and Herzegovina;Microcredi;BIH;Microcredit Company EKI;500000;0;Pending;0;0
4183971;24-12-22;53750000;74.330003;723126.5684;0;INR;203122;44189;India;Spandana;IND;Spandana;53750000;0;Pending;0;0
4183971;22-12-23;161250000;74.330003;2169379.705;0;INR;203122;44189;India;Spandana;IND;Spandana;161250000;0;Pending;0;0
4183972;05-06-23;900000000;74.330003;12108165.8;0;INR;203132;44181;India;Satin Cred;IND;Satin Creditcare Network Limited;900000000;0;Pending;0;0
4183973;30-06-23;325000000;74.330003;4372393.204;0;INR;203137;44135;India;Spandana;IND;Spandana;325000000;0;Pending;0;0
4183977;25-01-23;2350000000;410.000084;5731706.143;0;NGN;204017;44221;Nigeria;AB MF Bank;NGA;AB MF Bank Nigeria;2350000000;0;Pending;0;0
4183978;12-08-22;500000;1;500000;0;USD;205669;44239;Bolivia;IDEPRO;BOL;IDEPRO;500000;0;Pending;0;0
4183978;12-02-23;500000;1;500000;0;USD;205669;44239;Bolivia;IDEPRO;BOL;IDEPRO;500000;0;Pending;0;0
4183979;26-02-24;5000000;1;5000000;0;USD;206542;44253;Armenia;AEB;ARM;AEB;5000000;0;Pending;0;0
4183980;04-03-22;1500000;1;1500000;0;USD;207100;44259;Kenya;Premier Cr;KEN;Premier Credit Kenya;1500000;0;Pending;0;0
4183980;06-03-23;1500000;1;1500000;0;USD;207100;44259;Kenya;Premier Cr;KEN;Premier Credit Kenya;1500000;0;Pending;0;0
4183981;09-03-22;10965180;107.899992;101623.5478;0;KES;207206;44264;Kenya;Juhudi Kil;KEN;Juhudi Kilimo;10965180;0;Pending;0;0
4183981;09-03-23;32895540;107.899992;304870.6435;0;KES;207206;44264;Kenya;Juhudi Kil;KEN;Juhudi Kilimo;32895540;0;Pending;0;0
4183981;09-09-23;32895540;107.899992;304870.6435;0;KES;207206;44264;Kenya;Juhudi Kil;KEN;Juhudi Kilimo;32895540;0;Pending;0;0
4183981;09-03-24;32895540;107.899992;304870.6435;0;KES;207206;44264;Kenya;Juhudi Kil;KEN;Juhudi Kilimo;32895540;0;Pending;0;0
4183982;08-07-21;140000000;74.330003;1883492.457;0;INR;207208;44390;India;ASA India;IND;ASA India;140000000;140000000;Paid;0;0
4183982;08-07-21;140000000;74.330003;1883492.457;0;INR;207208;44390;India;ASA India;IND;ASA India;140000000;0;Unpaid;0;0
4183982;07-01-22;140000000;74.330003;1883492.457;0;INR;207208;44390;India;ASA India;IND;ASA India;140000000;0;Pending;0;0
4183983;13-08-21;140000000;74.330003;1883492.457;0;INR;207210;44428;India;ASA India;IND;ASA India;140000000;140000000;Paid;0;0
4183983;13-08-21;140000000;74.330003;1883492.457;0;INR;207210;44428;India;ASA India;IND;ASA India;140000000;0;Unpaid;0;0
4183983;13-02-22;140000000;74.330003;1883492.457;0;INR;207210;44428;India;ASA India;IND;ASA India;140000000;0;Pending;0;0
4183984;24-08-21;7500000;14.278733;525256.6877;0;ZAR;207221;44251;South Africa;Lula Lend;ZAF;Lula Lend;7500000;7500000;Paid;0;0
4183984;24-02-22;7500000;14.278733;525256.6877;0;ZAR;207221;44251;South Africa;Lula Lend;ZAF;Lula Lend;7500000;0;Pending;0;0
4183984;24-09-22;7500000;14.278733;525256.6877;0;ZAR;207221;44251;South Africa;Lula Lend;ZAF;Lula Lend;7500000;0;Pending;0;0
4183984;24-02-23;7500000;14.278733;525256.6877;0;ZAR;207221;44251;South Africa;Lula Lend;ZAF;Lula Lend;7500000;0;Pending;0;0
4183985;29-07-21;12127500;19.91049;609101.0317;517735.8769;MXN;207263;44225;Mexico;Equipate;MEX;Equipate;12127500;0;Pending;10308375;0.85
4183985;31-01-22;12127500;19.91049;609101.0317;517735.8769;MXN;207263;44225;Mexico;Equipate;MEX;Equipate;12127500;0;Pending;10308375;0.85
4183985;29-07-22;12127500;19.91049;609101.0317;517735.8769;MXN;207263;44225;Mexico;Equipate;MEX;Equipate;12127500;0;Pending;10308375;0.85
4183985;30-01-23;12127500;19.91049;609101.0317;517735.8769;MXN;207263;44225;Mexico;Equipate;MEX;Equipate;12127500;0;Pending;10308375;0.85
4183985;31-07-23;12127500;19.91049;609101.0317;517735.8769;MXN;207263;44225;Mexico;Equipate;MEX;Equipate;12127500;0;Pending;10308375;0.85
4183986;26-07-21;3333333.25;6.461464;515878.9479;0;CNY;207443;44222;China;Microcred ;CHN;Microcred China;3333333.25;3333333.25;Paid;0;0
4183986;26-01-22;3333333.25;6.461464;515878.9479;0;CNY;207443;44222;China;Microcred ;CHN;Microcred China;3333333.25;0;Pending;0;0
4183986;26-07-22;3333333.25;6.461464;515878.9479;0;CNY;207443;44222;China;Microcred ;CHN;Microcred China;3333333.25;0;Pending;0;0
4183986;30-01-23;3333333.25;6.461464;515878.9479;0;CNY;207443;44222;China;Microcred ;CHN;Microcred China;3333333.25;0;Pending;0;0
4183987;07-03-24;700000000;74.330003;9417462.286;0;INR;207444;44265;India;Fusion Mic;IND;Fusion Microfinance;700000000;0;Pending;0;0
4183988;12-03-24;350000000;74.330003;4708731.143;0;INR;207491;44267;India;Spandana;IND;Spandana;350000000;0;Pending;0;0
4183989;15-09-21;758509818;2319.000422;327084.8124;0;TZS;207497;44270;Tanzania;Brac Tanza;TZA;Brac Tanzania;758509818;0;Pending;0;0
4183989;15-03-22;758509818;2319.000422;327084.8124;0;TZS;207497;44270;Tanzania;Brac Tanza;TZA;Brac Tanzania;758509818;0;Pending;0;0
4183989;15-09-22;758509818;2319.000422;327084.8124;0;TZS;207497;44270;Tanzania;Brac Tanza;TZA;Brac Tanzania;758509818;0;Pending;0;0
4183989;15-03-23;758509818;2319.000422;327084.8124;0;TZS;207497;44270;Tanzania;Brac Tanza;TZA;Brac Tanzania;758509818;0;Pending;0;0
4183989;15-09-23;758509818;2319.000422;327084.8124;0;TZS;207497;44270;Tanzania;Brac Tanza;TZA;Brac Tanzania;758509818;0;Pending;0;0
4183989;15-03-24;804480110;2319.000422;346908.1344;0;TZS;207497;44270;Tanzania;Brac Tanza;TZA;Brac Tanzania;804480110;0;Pending;0;0
4183990;01-03-23;500000000;74.330003;6726758.776;0;INR;207609;43525;India;Annapurna ;IND;Annapurna Microfinance Private Limited;500000000;0;Pending;0;0
4183991;22-03-22;150000;1;150000;0;USD;207862;44277;Ecuador;Insotec;ECU;Insotec;150000;0;Pending;0;0
4183991;22-09-22;150000;1;150000;0;USD;207862;44277;Ecuador;Insotec;ECU;Insotec;150000;0;Pending;0;0
4183991;22-03-23;225000;1;225000;0;USD;207862;44277;Ecuador;Insotec;ECU;Insotec;225000;0;Pending;0;0
4183991;22-09-23;225000;1;225000;0;USD;207862;44277;Ecuador;Insotec;ECU;Insotec;225000;0;Pending;0;0
4183832;31-03-24;148923077;74.330003;2003539.23;0;INR;208146;43544;India;Save;IND;Save;148923077;0;Pending;0;0
4183993;27-02-24;195325000;32.059997;6092483.415;0;THB;208152;44252;Cambodia;LOLC Cambo;KHM;LOLC Cambodia;195325000;0;Pending;0;0
4183994;30-09-21;2803500;3.83249;731508.758;0;PEN;208500;44285;Peru;Edpyme Alt;PER;Edpyme Alternativa;2803500;0;Pending;0;0
4183994;30-03-22;2803500;3.83249;731508.758;0;PEN;208500;44285;Peru;Edpyme Alt;PER;Edpyme Alternativa;2803500;0;Pending;0;0
4183994;30-09-22;2803500;3.83249;731508.758;0;PEN;208500;44285;Peru;Edpyme Alt;PER;Edpyme Alternativa;2803500;0;Pending;0;0
4183994;30-03-23;2803500;3.83249;731508.758;0;PEN;208500;44285;Peru;Edpyme Alt;PER;Edpyme Alternativa;2803500;0;Pending;0;0
4183995;24-01-22;833333.33;1;833333.33;0;USD;208501;44218;Peru;Leasing To;PER;Leasing Total;833333.33;0;Pending;0;0
4183995;23-01-23;833333.33;1;833333.33;0;USD;208501;44218;Peru;Leasing To;PER;Leasing Total;833333.33;0;Pending;0;0
4183995;22-01-24;833333.34;1;833333.34;0;USD;208501;44218;Peru;Leasing To;PER;Leasing Total;833333.34;0;Pending;0;0
4183996;30-03-22;500000;1;500000;0;USD;208511;44285;Mexico;Operadora ;MEX;Operadora de Servicios Mega;500000;0;Pending;0;0
4183996;30-09-22;500000;1;500000;0;USD;208511;44285;Mexico;Operadora ;MEX;Operadora de Servicios Mega;500000;0;Pending;0;0
4183996;30-03-23;500000;1;500000;0;USD;208511;44285;Mexico;Operadora ;MEX;Operadora de Servicios Mega;500000;0;Pending;0;0
4183996;02-10-23;500000;1;500000;0;USD;208511;44285;Mexico;Operadora ;MEX;Operadora de Servicios Mega;500000;0;Pending;0;0
4183996;02-04-24;500000;1;500000;0;USD;208511;44285;Mexico;Operadora ;MEX;Operadora de Servicios Mega;500000;0;Pending;0;0
4183997;15-04-23;2000000;1;2000000;0;USD;209005;44301;Bolivia;Credito co;BOL;Credito con Educacion Rural - CRECER;2000000;0;Pending;0;0
4183998;05-02-18;5867933;1;5867933;5867933;USD;209493;42038;Azerbaijan;Demirbank;AZE;Demirbank;5867933;0;Pending;5867933;1
4183999;05-02-18;5867933;1;5867933;5867933;USD;209494;42066;Azerbaijan;Demirbank;AZE;Demirbank;5867933;0;Pending;5867933;1
4184000;03-04-18;333333;1;333333;0;USD;209526;43840;Nicaragua;Financiera;NIC;Financiera Finca Nicaragua;333334;333334;Paid;0;0
4184000;03-04-19;333333;1;333333;0;USD;209526;43840;Nicaragua;Financiera;NIC;Financiera Finca Nicaragua;333334;333334;Paid;0;0
4184000;03-04-20;333334;1;333334;0;USD;209526;43840;Nicaragua;Financiera;NIC;Financiera Finca Nicaragua;333334;0;Unpaid;0;0
4184000;29-12-19;292280.37;1;292280.37;0;USD;209526;43840;Nicaragua;Financiera;NIC;Financiera Finca Nicaragua;292280.37;292280.37;Paid;0;0
4184000;29-12-23;41053.63;1;41053.63;41053.63;USD;209526;43840;Nicaragua;Financiera;NIC;Financiera Finca Nicaragua;41053.63;0;Pending;41053.63;1
4183948;30-07-21;1000000;1;1000000;0;USD;209949;43585;Georgia;Microfinan;GEO;Microfinance Organization Lazika Capital;1000000;1000000;Paid;0;0
4183948;30-01-22;1000000;1;1000000;0;USD;209949;43585;Georgia;Microfinan;GEO;Microfinance Organization Lazika Capital;1000000;0;Pending;0;0
4184002;18-05-22;999000;1;999000;0;USD;210585;44334;Nicaragua;Banco Avan;NIC;Banco Avanz (Ex Banco Procredit Nicaragua);999000;0;Pending;0;0
4184002;19-05-23;999000;1;999000;0;USD;210585;44334;Nicaragua;Banco Avan;NIC;Banco Avanz (Ex Banco Procredit Nicaragua);999000;0;Pending;0;0
4184002;21-05-24;1002000;1;1002000;0;USD;210585;44334;Nicaragua;Banco Avan;NIC;Banco Avanz (Ex Banco Procredit Nicaragua);1002000;0;Pending;0;0
4184003;29-05-23;1000000;1;1000000;0;USD;210886;44345;Ecuador;COAC Maqui;ECU;COAC Maquita Cushunchic;1000000;0;Pending;0;0
4184004;15-04-24;17130000;3.160005;5420877.499;0;GEL;211409;44299;Georgia;Credo;GEO;Credo;17130000;0;Pending;0;0
4184005;31-05-22;4076671500;3734.000253;1091770.547;0;COP;211411;44344;Colombia;Bayport Co;COL;Bayport Colombia S.A.S.;4076671500;0;Pending;0;0
4184005;30-05-23;4076671500;3734.000253;1091770.547;0;COP;211411;44344;Colombia;Bayport Co;COL;Bayport Colombia S.A.S.;4076671500;0;Pending;0;0
4184005;28-05-24;4200207000;3734.000253;1124854.503;0;COP;211411;44344;Colombia;Bayport Co;COL;Bayport Colombia S.A.S.;4200207000;0;Pending;0;0
4184006;23-04-23;1000000;1;1000000;0;USD;211677;44309;Bolivia;Credito co;BOL;Credito con Educacion Rural - CRECER;1000000;0;Pending;0;0
4184001;19-04-23;2000000;1;2000000;0;USD;211682;44305;Bolivia;Credito co;BOL;Credito con Educacion Rural - CRECER;2000000;0;Pending;0;0
4184008;17-10-22;1500000;1;1500000;0;USD;211914;44301;Georgia;CRYSTAL FU;GEO;CRYSTAL FUND;1500000;0;Pending;0;0
4184008;15-04-24;1500000;1;1500000;0;USD;211914;44301;Georgia;CRYSTAL FU;GEO;CRYSTAL FUND;1500000;0;Pending;0;0
4184009;22-05-23;1250000;1;1250000;0;USD;211936;44335;Sri Lanka;Pan Asia;LKA;Pan Asia;1250000;0;Pending;0;0
4184009;21-05-24;1249875;1;1249875;0;USD;211936;44335;Sri Lanka;Pan Asia;LKA;Pan Asia;1249875;0;Pending;0;0
4184009;21-02-25;2500125;1;2500125;0;USD;211936;44335;Sri Lanka;Pan Asia;LKA;Pan Asia;2500125;0;Pending;0;0
4184010;12-06-23;2333333.33;1;2333333.33;0;USD;212026;44358;Kenya;Family Ban;KEN;Family Bank;2333333.33;0;Pending;0;0
4184010;11-06-24;2333333.33;1;2333333.33;0;USD;212026;44358;Kenya;Family Ban;KEN;Family Bank;2333333.33;0;Pending;0;0
4184010;13-01-25;2333333.34;1;2333333.34;0;USD;212026;44358;Kenya;Family Ban;KEN;Family Bank;2333333.34;0;Pending;0;0
4184011;01-04-24;3500000;1;3500000;0;USD;212048;44287;Cambodia;Amret Co L;KHM;Amret Co Limited;3500000;0;Pending;0;0
4184012T1;21-02-24;1000000;1;1000000;0;USD;212238;44368;Cambodia;LOLC Cambo;KHM;LOLC Cambodia;1000000;0;Pending;0;0
4184012T1;21-06-24;1000000;1;1000000;0;USD;212238;44368;Cambodia;LOLC Cambo;KHM;LOLC Cambodia;1000000;0;Pending;0;0
4184012T2;21-02-24;750000;1;750000;0;USD;212238;44368;Cambodia;LOLC Cambo;KHM;LOLC Cambodia;750000;0;Pending;0;0
4184012T2;21-06-24;750000;1;750000;0;USD;212238;44368;Cambodia;LOLC Cambo;KHM;LOLC Cambodia;750000;0;Pending;0;0
4184013;21-06-23;500000;0.84324142;592950;0;EUR;212239;44368;Moldova;I.M. O.M.F;MDA;I.M. O.M.F. Microinvest S.R.L.;500000;0;Pending;0;0
4184013;21-06-24;500000;0.84324142;592950;0;EUR;212239;44368;Moldova;I.M. O.M.F;MDA;I.M. O.M.F. Microinvest S.R.L.;500000;0;Pending;0;0
4184014;23-12-22;250000;1;250000;0;USD;212434;44371;Georgia;Micro Busi;GEO;Micro Business Capital;250000;0;Pending;0;0
4184014;26-06-23;250000;1;250000;0;USD;212434;44371;Georgia;Micro Busi;GEO;Micro Business Capital;250000;0;Pending;0;0
4184015;23-12-23;1000000;1;1000000;0;USD;212492;44369;Ecuador;Jardin Azu;ECU;Jardin Azuayo;1000000;0;Pending;0;0
4184015;24-06-24;1000000;1;1000000;0;USD;212492;44369;Ecuador;Jardin Azu;ECU;Jardin Azuayo;1000000;0;Pending;0;0
4183966;18-06-20;330000;0.84324142;391347;0;EUR;212863;44183;Kosovo;Finca Koso;KOS;Finca Kosovo;330000;0;Unpaid;0;0
4183966;18-12-20;330000;0.84324142;391347;0;EUR;212863;44183;Kosovo;Finca Koso;KOS;Finca Kosovo;330000;0;Unpaid;0;0
4183966;18-06-21;340000;0.84324142;403206;0;EUR;212863;44183;Kosovo;Finca Koso;KOS;Finca Kosovo;340000;340000;Paid;0;0
4183966;18-06-21;330000;0.84324142;391347;0;EUR;212863;44183;Kosovo;Finca Koso;KOS;Finca Kosovo;330000;330000;Paid;0;0
4183966;18-12-21;330000;0.84324142;391347;0;EUR;212863;44183;Kosovo;Finca Koso;KOS;Finca Kosovo;330000;0;Pending;0;0
4184017;27-07-22;1524600000;2319.000422;657438.4315;0;TZS;212864;44369;Tanzania;ASA Tanzan;TZA;ASA Tanzania;1524600000;0;Pending;0;0
4184017;26-06-23;1524600000;2319.000422;657438.4315;0;TZS;212864;44369;Tanzania;ASA Tanzan;TZA;ASA Tanzania;1524600000;0;Pending;0;0
4184017;25-06-24;1524600000;2319.000422;657438.4315;0;TZS;212864;44369;Tanzania;ASA Tanzan;TZA;ASA Tanzania;1524600000;0;Pending;0;0
4184018;30-06-23;160000000;74.330003;2152562.808;0;INR;213057;44341;India;Kinara Cap;IND;Kinara Capital;160000000;0;Pending;0;0
